date,week,season,neutral,playoff,team1,team2,elo1_pre,elo2_pre,elo_prob1,elo_prob2,elo1_post,elo2_post,qbelo1_pre,qbelo2_pre,qb1,qb2,qb1_value_pre,qb2_value_pre,qb1_adj,qb2_adj,qbelo_prob1,qbelo_prob2,qb1_game_value,qb2_game_value,qb1_value_post,qb2_value_post,qbelo1_post,qbelo2_post,score1,score2,quality,importance,total_rating
9/8/2022,1,2022,0,,LAR,BUF,1614.761436,1614.246762,0.593181379,0.406818621,1576.964901,1652.043296,1582.712236,1613.252889,Matthew Stafford,Josh Allen,200.2836903,259.6063354,5.938707861,9.144750317,0.53414523,0.46585477,-47.50243613,402.1494201,175.5050777,273.8606438,1549.330347,1646.634779,10,31,91,59,75
9/11/2022,1,2022,0,,MIA,NE,1539.979483,1537.002981,0.59659662,0.40340338,1560.633403,1516.349061,1518.380774,1513.692959,Tua Tagovailoa,Mac Jones,139.1764716,143.536642,-0.538674171,0.149007641,0.582122815,0.417877185,179.5618019,122.1485548,143.2150046,141.3978333,1539.874207,1492.199526,20,7,56,85,71
9/11/2022,1,2022,0,,CIN,PIT,1558.193285,1510.14351,0.657183242,0.342816758,1538.985268,1529.351527,1550.251126,1473.2612,Joe Burrow,Mitch Trubisky,173.6501257,168.2780695,3.742751342,3.346756463,0.675155407,0.324844593,23.31953012,111.5754329,158.6170661,162.6078058,1530.384153,1493.128173,20,23,56,75,66
9/11/2022,1,2022,0,,ATL,NO,1436.671709,1543.815038,0.439646583,0.560353417,1430.691471,1549.795276,1379.244628,1516.085009,Marcus Mariota,Jameis Winston,111.5324702,151.0692264,-12.43573941,3.30597399,0.357017053,0.642982947,314.391296,151.8325296,131.8183528,151.1455567,1374.515041,1520.814596,26,27,19,54,37
9/11/2022,1,2022,0,,NYJ,BAL,1364.983381,1508.988219,0.388222885,0.611777115,1344.202019,1529.769581,1391.094637,1546.006711,Joe Flacco,Lamar Jackson,110.2423728,162.7129344,19.85251368,-3.618196123,0.384030839,0.615969161,116.176803,112.207146,110.8358158,157.6623555,1370.565348,1566.536,9,24,34,51,43
9/11/2022,1,2022,0,,CAR,CLE,1411.401199,1502.03875,0.463171418,0.536828582,1401.341513,1512.098437,1416.664492,1487.835887,Baker Mayfield,Jacoby Brissett,90.51579538,117.7720469,-7.263887854,-77.02986552,0.570080858,0.429919142,90.30934244,73.18020698,90.49515008,113.3128629,1403.853075,1500.647304,24,26,10,48,29
9/11/2022,1,2022,0,,WSH,JAX,1465.289365,1351.455833,0.736808974,0.263191026,1474.762255,1341.982943,1480.767515,1397.903756,Carson Wentz,Trevor Lawrence,124.4655167,107.3472172,-3.807755567,-4.067562205,0.684329286,0.315670714,238.0096232,81.26665734,135.8199273,104.7391612,1492.345479,1386.325792,28,22,18,41,30
9/11/2022,1,2022,0,,DET,PHI,1406.135626,1502.212794,0.455395255,0.544604745,1393.685262,1514.663157,1412.426793,1532.603811,Jared Goff,Jalen Hurts,155.555005,157.966893,1.969274024,0.635079779,0.402830225,0.597169775,119.7553219,258.1008745,151.9750367,167.9802912,1401.5947,1543.435905,35,38,33,64,49
9/11/2022,1,2022,0,,CHI,SF,1444.508387,1576.152105,0.405251184,0.594748816,1472.753191,1547.907301,1412.47967,1563.009106,Justin Fields,Trey Lance,111.2383688,119.8254597,-2.072400384,-7.674620805,0.374891279,0.625108721,40.61000909,19.89750197,104.1755328,109.832664,1442.478111,1533.010665,19,10,37,59,48
9/11/2022,1,2022,0,,HOU,IND,1409.741879,1542.90415,0.403146042,0.596853958,1412.695777,1539.950252,1371.558699,1545.501506,Davis Mills,Matt Ryan,134.5924488,118.4347208,-8.048067602,-6.634079473,0.329787483,0.670212517,144.6942638,184.02878,135.6026303,124.9941267,1376.749921,1540.310284,20,20,21,51,36
9/11/2022,1,2022,0,,MIN,GB,1513.633567,1589.403525,0.484505747,0.515494253,1542.987371,1560.049721,1526.65921,1591.07824,Kirk Cousins,Aaron Rodgers,191.1737736,248.1146794,2.461429941,11.51881132,0.465846849,0.534153151,286.5916259,-15.85786051,200.7155588,221.7174254,1557.257191,1560.48026,23,7,79,93,86
9/11/2022,1,2022,0,,ARI,KC,1501.690031,1628.568,0.41188018,0.58811982,1476.226675,1654.031356,1497.994413,1590.288858,Kyler Murray,Patrick Mahomes,187.7730677,259.4038456,-0.339863657,9.40434784,0.429777092,0.570222908,177.2268357,491.3088205,186.7184445,282.5943431,1471.273921,1617.00935,21,44,72,64,68
9/11/2022,1,2022,0,,TEN,NYG,1556.047749,1385.812203,0.794803141,0.205196859,1543.710247,1398.149704,1527.282691,1426.394429,Ryan Tannehill,Daniel Jones,141.5293596,126.884496,-6.102475594,8.807214443,0.688387741,0.311612259,228.3083143,98.32903991,150.2072551,124.0289504,1517.10248,1436.57464,20,21,36,50,43
9/11/2022,1,2022,0,,LAC,OAK,1505.259307,1492.962183,0.609439789,0.390560211,1518.780054,1479.441436,1543.48707,1500.827096,Justin Herbert,Derek Carr,216.8221767,146.4468015,5.143515288,-5.84562156,0.644370148,0.355629852,328.7217052,-16.43385394,228.0121296,130.158736,1555.659817,1488.654349,24,19,59,79,69
9/11/2022,1,2022,0,,DAL,TB,1561.773921,1610.015278,0.52409894,0.47590106,1531.848278,1639.94092,1555.063281,1595.984784,Dak Prescott,Tom Brady,198.6570446,238.1122488,1.514220442,9.346143194,0.505245765,0.494754235,-45.52646123,109.2564834,174.238694,225.2266723,1526.386384,1624.661681,3,19,84,67,76
9/12/2022,1,2022,0,,SEA,DEN,1526.985709,1447.13549,0.697163074,0.302836926,1530.924581,1443.196618,1433.308326,1519.428785,Geno Smith,Russell Wilson,132.1149613,164.0861534,-10.41054913,7.185441252,0.427179766,0.572820234,232.9553493,243.4867395,142.1990001,172.026212,1441.437616,1511.299496,17,16,34,60,47
9/15/2022,2,2022,0,,KC,LAC,1654.031356,1518.780054,0.76001088,0.23998912,1660.130136,1512.681274,1617.00935,1555.659817,Patrick Mahomes,Justin Herbert,282.5943431,228.0121296,20.52937919,10.48131595,0.673203412,0.326796588,225.5841298,248.1917849,276.8933218,230.0300951,1625.580921,1547.088246,27,24,90,92,91
9/18/2022,2,2022,0,,BAL,MIA,1529.769581,1560.633403,0.54896844,0.45103156,1511.820462,1578.582522,1566.536,1539.874207,Lamar Jackson,Tua Tagovailoa,157.6623555,143.2150046,-5.962575734,1.507526055,0.601674353,0.398325647,637.077418,473.0042539,205.6038618,176.1939295,1546.51687,1559.893338,38,42,74,78,76
9/18/2022,2,2022,0,,PIT,NE,1529.351527,1516.349061,0.610405797,0.389594203,1511.805374,1533.895214,1493.128173,1492.199526,Mitch Trubisky,Mac Jones,162.6078058,141.3978333,0.344286809,-0.927847105,0.5753407,0.4246593,57.69000283,159.7298446,152.1160255,143.2310344,1476.784435,1508.543264,14,17,45,74,60
9/18/2022,2,2022,0,,JAX,IND,1341.982943,1539.950252,0.317470389,0.682529611,1388.749032,1493.184163,1386.325792,1540.310284,Trevor Lawrence,Matt Ryan,104.7391612,124.9941267,-5.168212087,-3.022672541,0.353794068,0.646205932,316.6158416,-199.624567,125.9268292,92.53225734,1430.004611,1496.631465,24,0,26,60,43
9/18/2022,2,2022,0,,NYG,CAR,1398.149704,1401.341513,0.588022518,0.411977482,1409.260005,1390.231211,1436.57464,1403.853075,Daniel Jones,Baker Mayfield,124.0289504,90.49515008,6.939080918,-6.911016108,0.636591309,0.363408691,92.58748764,77.9291896,120.8848041,89.23855404,1446.223355,1394.204361,19,16,13,53,33
9/18/2022,2,2022,0,,CLE,NYJ,1512.098437,1344.202019,0.792598383,0.207401617,1499.809789,1356.490667,1500.647304,1370.565348,Jacoby Brissett,Joe Flacco,113.3128629,110.8358158,-75.40796424,19.15660951,0.621018049,0.378981951,211.1730797,318.0801663,123.0988846,131.5602508,1491.688808,1379.523844,30,31,9,38,24
9/18/2022,2,2022,0,,NO,TB,1549.795276,1639.94092,0.463875561,0.536124439,1527.800176,1661.93602,1520.814596,1624.661681,Jameis Winston,Tom Brady,151.1455567,225.2266723,3.178840452,2.436047763,0.424998504,0.575001496,-89.15384715,102.9480222,127.1156163,212.9988073,1500.907723,1644.568554,10,20,82,93,88
9/18/2022,2,2022,0,,DET,WSH,1393.685262,1474.762255,0.476879847,0.523120153,1417.953178,1450.494338,1401.5947,1492.345479,Jared Goff,Carson Wentz,151.9750367,135.8199273,0.080826166,2.059837536,0.43922009,0.56077991,201.9096155,189.0621218,156.9684946,141.1441468,1427.927604,1466.012575,36,27,21,63,42
9/18/2022,2,2022,0,,LAR,ATL,1576.964901,1430.691471,0.771391948,0.228608052,1583.678757,1423.977615,1549.330347,1374.515041,Matthew Stafford,Marcus Mariota,175.5050777,131.8183528,-6.747533856,-1.671011149,0.786169521,0.213830479,201.2971941,68.83824012,178.0842893,125.5203415,1555.571628,1368.273759,31,27,24,31,28
9/18/2022,2,2022,0,,SF,SEA,1547.907301,1530.924581,0.615840572,0.384159428,1570.458571,1508.373311,1533.010665,1441.437616,Trey Lance,Geno Smith,109.832664,142.1990001,-12.28728765,-4.848002276,0.685737184,0.314262816,18.09869356,104.8757997,100.6592669,138.46668,1551.035714,1423.412567,27,7,36,77,57
9/18/2022,2,2022,0,,DAL,CIN,1531.848278,1538.985268,0.582510121,0.417489879,1543.126912,1527.706635,1526.386384,1530.384153,Cooper Rush,Joe Burrow,17.02257643,158.6170661,-167.9867834,-3.960916002,0.338962265,0.661037735,160.7429522,100.1299502,31.39461401,152.7683545,1545.734689,1511.035848,20,17,19,53,36
9/18/2022,2,2022,0,,DEN,HOU,1443.196618,1412.695777,0.634076899,0.365923101,1457.781797,1398.110598,1511.299496,1376.749921,Russell Wilson,Davis Mills,172.026212,135.6026303,10.7961985,-7.140573474,0.764648853,0.235351147,-23.86636801,-20.61612718,152.436954,119.9807546,1520.25428,1367.795137,16,9,20,33,27
9/18/2022,2,2022,0,,OAK,ARI,1479.441436,1476.226675,0.596926661,0.403073339,1455.466747,1500.201364,1488.654349,1471.273921,Derek Carr,Kyler Murray,130.158736,186.7184445,-13.69737326,-0.850182075,0.577348589,0.422651411,218.5496705,225.7919109,138.9978294,190.6257911,1465.617624,1494.310646,23,29,34,51,43
9/18/2022,2,2022,0,,GB,CHI,1560.049721,1472.753191,0.706135694,0.293864306,1575.937426,1456.865486,1560.48026,1442.478111,Aaron Rodgers,Justin Fields,221.7174254,104.1755328,-2.255756238,-5.50019835,0.727584068,0.272415932,204.6589179,-10.25166442,220.0115747,92.73281309,1575.094275,1427.864095,27,10,46,67,57
9/19/2022,2,2022,0,,BUF,TEN,1652.043296,1543.710247,0.730622907,0.269377093,1669.798954,1525.954589,1646.634779,1517.10248,Josh Allen,Ryan Tannehill,273.8606438,150.2072551,15.81466704,-1.458404082,0.757619178,0.242380822,388.0688789,-44.50102331,285.2814673,130.7364273,1662.446797,1501.290462,41,7,86,42,64
9/19/2022,2,2022,0,,PHI,MIN,1514.663157,1542.987371,0.552585521,0.447414479,1540.102939,1517.547589,1543.435905,1557.257191,Jalen Hurts,Kirk Cousins,167.9802912,200.7155588,5.610024865,7.109251056,0.553471873,0.446528127,401.6913235,-1.436153174,191.3513944,180.5003876,1568.81822,1531.874876,24,7,76,66,71
9/22/2022,3,2022,0,,CLE,PIT,1499.809789,1511.805374,0.575693161,0.424306839,1521.064219,1490.550944,1491.688808,1476.784435,Jacoby Brissett,Mitch Trubisky,123.0988846,152.1160255,-66.74455519,-4.918817682,0.503186808,0.496813192,222.9896434,184.002449,133.0879605,155.3046679,1517.149194,1451.324049,29,17,22,81,52
9/25/2022,3,2022,0,,NE,BAL,1533.895214,1511.820462,0.622751294,0.377248706,1501.670189,1544.045487,1508.543264,1546.51687,Mac Jones,Lamar Jackson,143.2310344,205.6038618,0.035145816,18.30630618,0.491078673,0.508921327,93.58033218,387.7417937,138.2659642,223.817655,1484.206156,1570.853978,26,37,67,85,76
9/25/2022,3,2022,0,,IND,KC,1493.184163,1660.130136,0.357358351,0.642641649,1511.867753,1641.446546,1496.631465,1625.580921,Matt Ryan,Patrick Mahomes,92.53225734,276.8933218,-19.1024736,16.65239956,0.341278239,0.658721761,108.6984867,144.9913405,94.14888028,263.7031237,1515.895412,1606.316975,20,17,75,54,65
9/25/2022,3,2022,0,,CHI,HOU,1456.865486,1398.110598,0.670929136,0.329070864,1465.503368,1389.472716,1427.864095,1367.795137,Justin Fields,Davis Mills,92.73281309,119.9807546,-10.94654829,-14.59448267,0.661240676,0.338759324,-132.2667586,91.76226301,70.23285592,117.1589054,1436.785345,1358.873887,23,20,4,28,16
9/25/2022,3,2022,0,,TEN,OAK,1525.954589,1455.466747,0.685665181,0.314334819,1532.460559,1448.960778,1501.290462,1465.617624,Ryan Tannehill,Derek Carr,130.7364273,138.9978294,-11.1208978,-8.592957868,0.624203467,0.375796533,179.1586064,212.871726,135.5786452,146.3852191,1509.229457,1457.678629,24,22,34,49,42
9/25/2022,3,2022,0,,CAR,NO,1390.231211,1527.800176,0.397057545,0.602942455,1417.631018,1500.400369,1394.204361,1500.907723,Baker Mayfield,Jameis Winston,89.23855404,127.1156163,-7.193763327,-8.995071762,0.423432612,0.576567388,41.00691209,155.5744043,84.41538984,129.9614951,1420.174355,1474.937728,22,14,19,55,37
9/25/2022,3,2022,0,,WSH,PHI,1450.494338,1540.102939,0.46464448,0.53535552,1424.456847,1566.14043,1466.012575,1568.81822,Carson Wentz,Jalen Hurts,141.1441468,191.3513944,4.618955384,17.01507524,0.406049294,0.593950706,-84.8880545,253.1604257,118.5409266,197.5322975,1443.674916,1591.155879,8,24,62,83,73
9/25/2022,3,2022,0,,NYJ,CIN,1356.490667,1527.706635,0.351733461,0.648266539,1337.884717,1546.312584,1379.523844,1511.035848,Joe Flacco,Joe Burrow,131.5602508,152.7683545,28.56099656,-6.687225996,0.435142699,0.564857301,-58.85790435,196.9507168,112.5184353,157.1865907,1355.881472,1534.67822,12,27,25,36,31
9/25/2022,3,2022,0,,MIA,BUF,1578.582522,1669.798954,0.462342963,0.537657037,1590.538529,1657.842947,1559.893338,1662.446797,Tua Tagovailoa,Josh Allen,176.1939295,285.2814673,17.92161221,20.73434544,0.425686104,0.574313896,202.8803189,342.5098382,178.8625685,291.0043044,1572.817935,1649.5222,21,19,95,96,96
9/25/2022,3,2022,0,,MIN,DET,1517.547589,1417.953178,0.720608424,0.279391576,1525.914855,1409.585913,1531.874876,1427.927604,Kirk Cousins,Jared Goff,180.5003876,156.9684946,-3.353797097,2.573513796,0.702021711,0.297978289,170.6653067,177.6330484,179.5168795,159.03495,1540.858534,1418.943946,28,24,36,71,54
9/25/2022,3,2022,0,,LAC,JAX,1512.681274,1388.749032,0.747926012,0.252073988,1457.579461,1443.850844,1547.088246,1430.004611,Justin Herbert,Trevor Lawrence,230.0300951,125.9268292,10.96623292,5.684032536,0.737725172,0.262274828,132.7329524,337.6912143,220.3003808,147.1032677,1492.987524,1484.105332,10,38,46,55,51
9/25/2022,3,2022,0,,ARI,LAR,1500.201364,1583.678757,0.473433936,0.526566064,1479.569831,1604.31029,1494.310646,1555.571628,Kyler Murray,Matthew Stafford,190.6257911,178.0842893,1.146000352,-5.120551342,0.492929088,0.507070912,206.6026191,134.658478,192.2234739,173.7417082,1472.697401,1577.184873,12,20,60,88,74
9/25/2022,3,2022,0,,TB,GB,1661.93602,1575.937426,0.704582908,0.295417092,1645.313879,1592.559567,1644.568554,1575.094275,Tom Brady,Aaron Rodgers,212.9988073,220.0115747,-3.79968713,-2.995893803,0.668800881,0.331199119,213.9672098,252.8601362,213.0956475,223.2964308,1629.010124,1590.652705,12,14,91,66,79
9/25/2022,3,2022,0,,SEA,ATL,1508.373311,1423.977615,0.702658723,0.297341277,1484.107798,1448.243129,1423.412567,1368.273759,Geno Smith,Marcus Mariota,138.46668,125.5203415,-6.471762184,-4.736466223,0.654259681,0.345740319,210.6686254,99.0000499,145.6868746,122.8683123,1401.23586,1390.450466,23,27,5,26,16
9/25/2022,3,2022,0,,DEN,SF,1457.781797,1570.458571,0.43181506,0.56818494,1465.832993,1562.407376,1520.25428,1551.035714,Russell Wilson,Jimmy Garoppolo,152.436954,135.0287745,0.461759569,18.1098858,0.505803056,0.494196944,36.56830068,30.54097019,140.8500887,124.5799941,1527.092769,1544.197225,11,10,71,68,70
9/26/2022,3,2022,0,,NYG,DAL,1409.260005,1543.126912,0.402170425,0.597829575,1393.041886,1559.345032,1446.223355,1545.734689,Daniel Jones,Cooper Rush,120.8848041,31.39461401,5.020053736,-152.4014255,0.655994024,0.344005976,74.29974374,193.1290211,116.2262981,47.56805472,1417.476088,1574.481956,16,23,14,82,48
9/29/2022,4,2022,0,,CIN,MIA,1546.312584,1590.538529,0.529860692,0.470139308,1570.204648,1566.646465,1534.67822,1572.817935,Joe Burrow,Tua Tagovailoa,157.1865907,178.8625685,-4.143746585,18.35985107,0.488205436,0.511794564,231.3006373,-6.118718117,164.5979954,160.3644398,1561.030953,1546.465202,27,15,77,73,75
10/2/2022,4,2022,1,,NO,MIN,1500.400369,1525.914855,0.463347568,0.536652432,1487.700928,1538.614295,1474.937728,1540.858534,Andy Dalton,Kirk Cousins,87.9165393,179.5168795,-49.16733457,-3.677861287,0.344946152,0.655053848,170.367687,138.2528575,96.16165407,175.3904773,1465.834773,1549.961489,25,28,37,68,53
10/2/2022,4,2022,0,,IND,TEN,1511.867753,1532.460559,0.563561344,0.436438656,1487.947054,1556.381257,1515.895412,1509.229457,Matt Ryan,Ryan Tannehill,94.14888028,135.5786452,-17.33903845,-8.143743951,0.56744325,0.43255675,213.7444307,121.8680645,106.1084353,134.2075871,1491.779238,1533.345631,17,24,49,88,69
10/2/2022,4,2022,0,,PIT,NYJ,1490.550944,1337.884717,0.777816587,0.222183413,1462.764861,1365.6708,1451.324049,1355.881472,Mitch Trubisky,Zach Wilson,155.3046679,81.88119576,-3.078555623,-13.02520059,0.709732046,0.290267954,-125.7705281,75.51645226,127.1971483,81.24472141,1426.743274,1380.462247,20,24,6,13,10
10/2/2022,4,2022,0,,DET,SEA,1409.585913,1484.107798,0.486300336,0.513699664,1396.16091,1497.532801,1418.943946,1401.23586,Jared Goff,Geno Smith,159.03495,145.6868746,3.478065795,-2.538076805,0.613331732,0.386668268,349.1063384,433.3583324,178.0420888,174.4540204,1401.295887,1418.88392,45,48,10,42,26
10/2/2022,4,2022,0,,NYG,CHI,1393.041886,1465.503368,0.489263715,0.510736285,1415.562312,1442.982942,1417.476088,1436.785345,Daniel Jones,Justin Fields,116.2262981,70.23285592,2.439798031,-21.64919946,0.580295894,0.419704106,245.2104409,-11.59113891,129.1247123,62.05045644,1435.459697,1418.801736,20,12,12,65,39
10/2/2022,4,2022,0,,DAL,WSH,1559.345032,1424.456847,0.759629418,0.240370582,1571.563828,1412.238051,1574.481956,1443.674916,Cooper Rush,Carson Wentz,47.56805472,118.5409266,-136.6946338,-6.913602448,0.577848738,0.422151262,158.9586955,38.54104757,58.7071188,110.5409387,1597.324716,1420.832156,25,10,19,81,50
10/2/2022,4,2022,0,,BAL,BUF,1544.045487,1657.842947,0.430232956,0.569767044,1532.375739,1669.512695,1570.853978,1649.5222,Lamar Jackson,Josh Allen,223.817655,291.0043044,26.49788747,22.55904671,0.464107034,0.535892966,167.2925939,198.4276066,218.1651489,281.7466346,1558.130689,1662.245489,20,23,96,79,88
10/2/2022,4,2022,0,,ATL,CLE,1448.243129,1521.064219,0.488746447,0.511253553,1462.468659,1506.838688,1390.450466,1517.149194,Marcus Mariota,Jacoby Brissett,122.8683123,133.0879605,-5.825657492,-58.41278949,0.466647924,0.533352076,-44.35138241,106.0514852,106.1463429,130.384313,1405.395798,1502.203862,23,20,13,49,31
10/2/2022,4,2022,0,,PHI,JAX,1566.14043,1443.850844,0.746139091,0.253860909,1576.421015,1433.570259,1591.155879,1484.105332,Jalen Hurts,Trevor Lawrence,197.5322975,147.1032677,19.25477304,15.98805016,0.717615707,0.282384293,103.6225958,11.06263924,188.1413274,133.4992049,1602.713913,1472.547297,29,21,74,50,62
10/2/2022,4,2022,0,,HOU,LAC,1389.472716,1457.579461,0.495529153,0.504470847,1365.741688,1481.31049,1358.873887,1492.987524,Davis Mills,Justin Herbert,117.1589054,220.3003808,-15.27568312,5.553064133,0.358929499,0.641070501,83.8329446,293.7428703,113.8263093,227.6446298,1342.414223,1509.447189,24,34,12,30,21
10/2/2022,4,2022,0,,CAR,ARI,1417.631018,1479.569831,0.504405288,0.495594712,1393.40709,1503.793758,1420.174355,1472.697401,Baker Mayfield,Kyler Murray,84.41538984,192.2234739,-9.245657258,1.887541735,0.488748071,0.511251929,-12.0281549,241.8119751,74.77103537,197.182324,1396.818042,1496.053714,16,26,20,53,37
10/2/2022,4,2022,0,,GB,NE,1592.559567,1501.670189,0.710409024,0.289590976,1600.057444,1494.172313,1590.652705,1484.206156,Aaron Rodgers,Brian Hoyer,223.2964308,121.3607067,-1.203671035,-19.3544041,0.734438981,0.265561019,169.660995,21.73514034,217.9328872,111.3981501,1597.468164,1477.390697,27,24,61,45,53
10/2/2022,4,2022,0,,OAK,DEN,1448.960778,1465.832993,0.568821815,0.431178185,1468.392181,1446.40159,1457.678629,1527.092769,Derek Carr,Russell Wilson,146.3852191,140.8500887,-4.469615146,-5.354761076,0.474958506,0.525041494,141.5102127,234.8469671,145.8977185,150.2497765,1482.050612,1502.720786,32,23,41,68,55
10/2/2022,4,2022,0,,TB,KC,1645.313879,1641.446546,0.597830165,0.402169835,1615.716706,1671.043719,1629.010124,1606.316975,Tom Brady,Patrick Mahomes,213.0956475,263.7031237,-3.561282647,9.224680524,0.58927059,0.41072941,402.2098534,223.6834204,232.0070681,259.7011533,1599.920849,1635.40625,31,41,94,45,70
10/3/2022,4,2022,0,,SF,LAR,1562.407376,1604.31029,0.533190498,0.466809502,1588.023852,1578.693814,1544.197225,1577.184873,Jimmy Garoppolo,Matthew Stafford,124.5799941,173.7417082,11.98000129,-7.035814344,0.551746943,0.448253057,207.1287792,-6.543823334,132.8348726,155.7131551,1568.652511,1552.729586,24,9,78,94,86
10/6/2022,5,2022,0,,DEN,IND,1446.40159,1487.947054,0.533702608,0.466297392,1431.444754,1502.90389,1502.720786,1491.779238,Russell Wilson,Matt Ryan,150.2497765,106.1084353,-0.387179101,-10.49230901,0.604539098,0.395460902,-32.42904769,-59.96900692,131.9818941,89.5006911,1485.378204,1509.121821,9,12,44,79,62
10/9/2022,5,2022,1,,GB,NYG,1600.057444,1415.562312,0.743080075,0.256919925,1570.991519,1444.628237,1597.468164,1435.459697,Aaron Rodgers,Daniel Jones,217.9328872,129.1247123,-3.825259273,8.76701527,0.702683373,0.297316627,190.9147091,227.1946743,215.2310694,138.9317085,1570.452569,1462.475292,22,27,56,67,62
10/9/2022,5,2022,0,,MIN,CHI,1538.614295,1442.982942,0.715992369,0.284007631,1549.622113,1431.975124,1549.961489,1418.801736,Kirk Cousins,Justin Fields,175.3904773,62.05045644,-5.557169325,-24.65793923,0.760126597,0.239873403,297.9262098,202.7355936,187.6440506,76.11897016,1559.104828,1409.658396,29,22,31,51,41
10/9/2022,5,2022,0,,JAX,HOU,1433.570259,1365.741688,0.682356533,0.317643467,1403.368359,1395.943587,1472.547297,1342.414223,Trevor Lawrence,Davis Mills,133.4992049,113.8263093,8.386616229,-16.178197,0.766694358,0.233305642,94.88201785,71.34775701,129.6374862,109.5784541,1437.355263,1377.606257,6,13,7,22,15
10/9/2022,5,2022,0,,TB,ATL,1615.716706,1462.468659,0.778394855,0.221605145,1623.562817,1454.622548,1599.920849,1405.395798,Tom Brady,Marcus Mariota,232.0070681,106.1463429,6.072491777,-13.89535935,0.821200154,0.178799846,262.7452019,92.01554042,235.0808815,104.7332626,1606.131757,1399.184889,21,15,44,45,45
10/9/2022,5,2022,0,,NO,SEA,1487.700928,1497.532801,0.578732726,0.421267274,1504.79235,1480.441379,1465.834773,1418.88392,Andy Dalton,Geno Smith,96.16165407,174.4540204,-42.58641046,11.97239993,0.570718359,0.429281641,72.56731251,256.3765056,93.80221991,182.6462689,1483.295453,1401.42324,39,32,15,48,32
10/9/2022,5,2022,0,,CLE,LAC,1506.838688,1481.31049,0.627410137,0.372589863,1492.461468,1495.68771,1502.203862,1509.447189,Jacoby Brissett,Justin Herbert,130.384313,227.6446298,-56.84397378,8.947535402,0.476792547,0.523207453,190.4875884,202.3624777,136.3946405,225.1164146,1491.803946,1519.847105,28,30,38,88,63
10/9/2022,5,2022,0,,WSH,TEN,1412.238051,1556.381257,0.388033725,0.611966275,1400.181453,1568.437855,1420.832156,1533.345631,Carson Wentz,Ryan Tannehill,110.5409387,134.2075871,-10.56791628,-8.422085787,0.409368695,0.590631305,261.7635002,-9.072948301,125.6631949,119.8795336,1408.025777,1546.15201,17,21,31,46,39
10/9/2022,5,2022,0,,BUF,PIT,1669.512695,1462.764861,0.826970408,0.173029592,1680.550396,1451.727161,1662.245489,1426.743274,Josh Allen,Kenny Pickett,281.7466346,104.2866,16.80225948,-39.88893593,0.87720216,0.12279784,481.2369207,185.9542553,301.6956632,112.4533655,1669.863684,1419.125079,38,3,58,10,34
10/9/2022,5,2022,0,,NYJ,MIA,1365.6708,1566.646465,0.313729901,0.686270099,1412.164508,1520.152757,1380.462247,1546.465202,Zach Wilson,Teddy Bridgewater,81.24472141,129.302488,-12.69217773,-22.86915762,0.356228054,0.643771946,121.3618964,-38.00571065,85.25643891,112.5716681,1423.386866,1503.540583,40,17,20,50,35
10/9/2022,5,2022,0,,NE,DET,1494.172313,1396.16091,0.718770099,0.281229901,1511.98298,1378.350242,1477.390697,1401.295887,Bailey Zappe,Jared Goff,51.23646,178.0420888,-83.52965229,12.80773193,0.544278571,0.455721429,108.3867068,33.7642363,56.95148468,163.6143036,1507.961993,1370.724591,29,0,8,33,21
10/9/2022,5,2022,0,,CAR,SF,1393.40709,1588.023852,0.321664254,0.678335746,1374.357879,1607.073063,1396.818042,1568.652511,Baker Mayfield,Jimmy Garoppolo,74.77103537,132.8348726,-13.60555163,15.50844048,0.304993656,0.695006344,-8.890341152,175.5676673,66.40489772,137.1081521,1378.859854,1586.6107,15,37,36,40,38
10/9/2022,5,2022,0,,ARI,PHI,1503.793758,1576.421015,0.489025258,0.510974742,1490.281944,1589.93283,1496.053714,1602.713913,Kyler Murray,Jalen Hurts,197.182324,188.1413274,4.272589705,13.5965493,0.415962785,0.584037215,242.1357983,307.3195439,201.6776715,200.059149,1484.821765,1613.945863,17,20,75,82,79
10/9/2022,5,2022,0,,LAR,DAL,1578.693814,1571.563828,0.602337334,0.397662666,1546.747102,1603.51054,1552.729586,1597.324716,Matthew Stafford,Cooper Rush,155.7131551,58.7071188,-15.6983002,-124.2903701,0.663044227,0.336955773,133.2702862,-14.46136875,153.4688682,51.39027004,1516.795445,1633.258858,10,22,51,71,61
10/9/2022,5,2022,0,,BAL,CIN,1532.375739,1570.204648,0.539022823,0.460977177,1542.380875,1560.199512,1558.130689,1561.030953,Lamar Jackson,Joe Burrow,218.1651489,164.5979954,22.34674004,-0.23085693,0.59946356,0.40053644,156.5135088,143.2625173,211.9999849,162.4644476,1566.659806,1552.501837,19,17,81,96,89
10/10/2022,5,2022,0,,KC,OAK,1671.043719,1468.392181,0.823570255,0.176429745,1673.224269,1466.21163,1635.40625,1482.050612,Patrick Mahomes,Derek Carr,259.7011533,145.8977185,6.762461336,-4.489884708,0.778037213,0.221962787,303.2609098,149.0856517,264.057129,146.2165118,1638.206018,1479.250843,30,29,75,52,64
10/13/2022,6,2022,0,,CHI,WSH,1431.975124,1400.181453,0.635801916,0.364198084,1408.142474,1424.014103,1409.658396,1408.025777,Justin Fields,Carson Wentz,76.11897016,125.6631949,-16.39078541,-2.478392392,0.555614036,0.444385964,67.90699013,-38.09380963,75.29777216,109.2874944,1389.39036,1428.293813,7,12,7,17,12
10/16/2022,6,2022,0,,NYG,BAL,1444.628237,1542.380875,0.453004296,0.546995704,1462.501438,1524.507674,1462.475292,1566.659806,Daniel Jones,Lamar Jackson,138.9317085,211.9999849,13.23216261,18.14682104,0.414871647,0.585128353,79.63568243,177.7052646,133.0021059,208.5705128,1481.835521,1547.299577,24,20,63,64,64
10/16/2022,6,2022,0,,IND,JAX,1502.90389,1403.368359,0.720540179,0.279459821,1513.717555,1392.554694,1509.121821,1437.355263,Matt Ryan,Trevor Lawrence,89.5006911,129.6374862,-18.27156567,6.036426065,0.638658631,0.361341369,440.6466602,239.4286957,124.615288,140.6166071,1523.50283,1422.974254,34,27,31,83,57
10/16/2022,6,2022,0,,MIA,MIN,1520.152757,1549.622113,0.550955197,0.449044803,1495.54387,1574.231,1503.540583,1559.104828,Skylar Thompson,Kirk Cousins,1.36026,187.6440506,-141.3025178,0.847475766,0.305053852,0.694946148,21.62510497,99.09009261,3.386744497,178.7886548,1490.953479,1571.691932,16,24,25,54,40
10/16/2022,6,2022,0,,NO,CIN,1504.79235,1560.199512,0.513801696,0.486198304,1488.181281,1576.810581,1483.295453,1552.501837,Andy Dalton,Joe Burrow,93.80221991,162.4644476,-41.63680702,-1.28608799,0.417227779,0.582772221,99.48412438,404.5639714,94.37041036,186.6744,1470.21067,1565.586619,26,30,46,65,56
10/16/2022,6,2022,0,,PIT,TB,1451.727161,1623.562817,0.350920507,0.649079493,1466.716818,1608.57316,1419.125079,1606.131757,Kenny Pickett,Tom Brady,112.4533655,235.0808815,-33.81110637,7.30577388,0.266423783,0.733576217,91.34105441,154.5313656,110.3421344,227.0259299,1436.644546,1588.61229,20,18,43,13,28
10/16/2022,6,2022,0,,CLE,NE,1492.461468,1511.98298,0.565077545,0.434922455,1455.786382,1548.658066,1491.803946,1507.961993,Jacoby Brissett,Bailey Zappe,136.3946405,56.95148468,-50.99661132,-76.49565733,0.585744748,0.414255252,-52.4376845,262.5006449,117.511408,77.5064007,1453.526381,1546.239558,15,38,18,75,47
10/16/2022,6,2022,0,,GB,NYJ,1570.991519,1412.164508,0.783885032,0.216114968,1520.544699,1462.611328,1570.452569,1423.386866,Aaron Rodgers,Zach Wilson,215.2310694,85.25643891,-4.984905219,-10.0517101,0.763747164,0.236252836,89.2608659,4.601231639,202.6340491,77.19091819,1521.79412,1472.045315,10,27,41,41,41
10/16/2022,6,2022,0,,ATL,SF,1454.622548,1607.073063,0.376740668,0.623259332,1489.776268,1571.919343,1399.184889,1586.6107,Marcus Mariota,Jimmy Garoppolo,104.7332626,137.1081521,-13.90713151,16.8696582,0.283597085,0.716402915,320.5304669,197.7642329,126.312983,143.1737601,1441.049371,1544.746218,28,14,41,39,40
10/16/2022,6,2022,0,,SEA,ARI,1480.441379,1490.281944,0.578720527,0.421279473,1500.150894,1470.572429,1401.42324,1484.821765,Geno Smith,Kyler Murray,182.6462689,201.6776715,15.46990419,6.306633933,0.469621029,0.530378971,57.94985768,100.9152379,170.1766278,191.6014281,1427.105838,1459.139166,19,9,25,62,44
10/16/2022,6,2022,0,,LAR,CAR,1546.747102,1374.357879,0.796817684,0.203182316,1556.679873,1364.425109,1516.795445,1378.859854,Matthew Stafford,P.J. Walker,153.4688682,17.086696,-16.03552864,-66.42654459,0.804271476,0.195728524,185.565575,3.717990701,156.6785389,15.74982547,1526.332097,1369.323202,24,10,7,16,12
10/16/2022,6,2022,0,,KC,BUF,1673.224269,1680.550396,0.582245321,0.417754679,1653.977966,1699.796699,1638.206018,1669.863684,Patrick Mahomes,Josh Allen,264.057129,301.6956632,8.602326091,25.93666081,0.504490182,0.495509818,207.9728335,313.8576601,258.4486994,302.9118629,1621.944042,1686.125661,20,24,99,99,99
10/16/2022,6,2022,0,,PHI,DAL,1589.93283,1603.51054,0.573466961,0.426533039,1609.126767,1584.316602,1613.945863,1633.258858,Jalen Hurts,Cooper Rush,200.059149,51.39027004,18.87563266,-121.734276,0.732767101,0.267232899,136.8030629,-35.9847006,193.7335404,42.65277298,1625.34449,1621.860231,26,17,81,93,87
10/17/2022,6,2022,0,,LAC,DEN,1495.68771,1431.444754,0.677866052,0.322133948,1504.123579,1423.008885,1519.847105,1485.378204,Justin Herbert,Russell Wilson,225.1164146,131.9818941,7.236051029,-9.501761357,0.644344736,0.355655264,124.8257344,50.90949998,215.0873466,123.8746547,1529.265979,1475.959329,19,16,49,84,67
10/20/2022,6,2022,0,,ARI,NO,1470.572429,1488.181281,0.567781491,0.432218509,1489.16553,1469.58818,1459.139166,1470.21067,Kyler Murray,Andy Dalton,191.6014281,94.37041036,0.953180558,-39.27087144,0.617404747,0.382595253,187.6220638,272.4886558,191.2034917,112.1822349,1475.339936,1454.009901,42,34,21,41,31
10/23/2022,6,2022,0,,TEN,IND,1568.437855,1513.717555,0.66578125,0.33421875,1583.034853,1499.120557,1546.15201,1523.50283,Ryan Tannehill,Matt Ryan,119.8795336,124.615288,-15.16500827,0.199311069,0.615817715,0.384182285,33.71355194,85.2916162,111.2629354,120.6829208,1563.20877,1506.44607,19,10,62,96,79
10/23/2022,7,2022,0,,CAR,TB,1364.425109,1608.57316,0.262840077,0.737159923,1411.683883,1561.314386,1369.323202,1588.61229,P.J. Walker,Tom Brady,15.74982547,227.0259299,-63.77365262,2.913009394,0.205178988,0.794821012,212.1402927,186.4835873,35.3888722,222.9716956,1421.7337,1536.201791,21,3,18,21,20
10/23/2022,7,2022,0,,DAL,DET,1584.316602,1378.350242,0.826325765,0.173674235,1593.422521,1369.244323,1621.860231,1370.724591,Dak Prescott,Jared Goff,174.238694,163.6143036,11.5696103,4.953452705,0.837996406,0.162003594,113.8236625,33.89920078,168.1971908,150.6427933,1630.304623,1362.280199,24,6,45,11,28
10/23/2022,7,2022,0,,BAL,CLE,1524.507674,1455.786382,0.683469328,0.316530672,1532.780901,1447.513155,1547.299577,1453.526381,Lamar Jackson,Jacoby Brissett,208.5705128,117.511408,15.52474397,-57.888397,0.777251552,0.222748448,78.40190363,109.9401893,195.5536519,116.7542861,1552.920769,1447.905189,23,20,35,51,43
10/23/2022,7,2022,0,,WSH,GB,1424.014103,1520.544699,0.45474799,0.54525201,1436.168716,1508.390086,1428.293813,1521.79412,Taylor Heinicke,Aaron Rodgers,94.31476613,202.6340491,-25.5150513,-11.03417013,0.419365514,0.580634486,156.1374611,197.1379316,100.4970356,202.0844373,1441.388084,1508.699849,23,21,25,55,40
10/23/2022,7,2022,0,,JAX,NYG,1392.554694,1462.501438,0.492881544,0.507118456,1373.415665,1481.640467,1422.974254,1481.835521,Trevor Lawrence,Daniel Jones,140.6166071,133.0021059,11.22416524,9.60575317,0.492511221,0.507488779,202.7762924,360.5006182,146.8325757,155.7519572,1403.851836,1500.957939,17,23,29,55,42
10/23/2022,7,2022,0,,CIN,ATL,1576.810581,1489.776268,0.705822375,0.294177625,1593.014544,1473.572306,1565.586619,1441.049371,Joe Burrow,Marcus Mariota,186.6744,126.312983,10.8831926,-2.421914717,0.746910167,0.253089833,493.0923122,92.16620918,217.3161912,122.8983057,1579.317427,1427.318564,35,17,51,53,52
10/23/2022,7,2022,0,,OAK,HOU,1466.21163,1395.943587,0.685392417,0.314607583,1483.665337,1378.48988,1479.250843,1377.606257,Derek Carr,Davis Mills,146.2165118,109.5784541,-4.10599381,-17.49321477,0.725252769,0.274747231,212.864208,195.6641553,152.8812814,118.1870242,1494.27855,1362.57855,38,20,12,14,13
10/23/2022,7,2022,0,,DEN,NYJ,1423.008885,1462.611328,0.536485058,0.463514942,1400.436516,1485.183698,1475.959329,1472.045315,Brett Rypien,Zach Wilson,5.57439931,77.19091819,-131.3805484,-13.58188495,0.41631545,0.58368455,24.04411362,60.47073873,7.421370741,75.51890024,1459.095238,1488.909406,9,16,7,65,36
10/23/2022,7,2022,0,,LAC,SEA,1504.123579,1500.150894,0.597975967,0.402024033,1470.688366,1533.586108,1529.265979,1427.105838,Justin Herbert,Geno Smith,215.0873466,170.1766278,1.85971447,8.461588423,0.701099156,0.298900844,195.825767,150.960316,213.1611886,168.2549966,1488.553004,1467.818813,23,37,39,57,48
10/23/2022,7,2022,0,,SF,KC,1571.919343,1653.977966,0.475470377,0.524529623,1542.751526,1683.145783,1544.746218,1621.944042,Jimmy Garoppolo,Patrick Mahomes,143.1737601,258.4486994,19.05897933,5.367995013,0.487353525,0.512646475,73.73106815,395.2202346,136.2294909,272.1258529,1514.737501,1651.952759,23,44,88,61,75
10/23/2022,7,2022,0,,MIA,PIT,1495.54387,1466.716818,0.631838455,0.368161545,1509.285973,1452.974714,1490.953479,1436.644546,Tua Tagovailoa,Kenny Pickett,160.3644398,110.3421344,23.75354564,-33.17616661,0.719832874,0.280167126,225.6410884,96.41187899,166.8921047,108.9491089,1501.100973,1426.497052,16,10,27,44,36
10/24/2022,7,2022,0,,NE,CHI,1548.658066,1408.142474,0.765494475,0.234505525,1498.067785,1458.732755,1546.239558,1389.39036,Mac Jones,Justin Fields,138.2659642,75.29777216,-1.633852934,-15.98184514,0.783306347,0.216693653,-6.192828135,191.3804907,123.820085,86.90604402,1494.008106,1441.621812,14,33,25,22,24
10/27/2022,7,2022,0,,TB,BAL,1561.314386,1532.780901,0.631445263,0.368554737,1537.681676,1556.413612,1536.201791,1552.920769,Tom Brady,Lamar Jackson,222.9716956,195.5536519,0.740241791,8.240076315,0.540015224,0.459984776,145.6594709,267.4995691,215.2404732,202.7482436,1516.601994,1572.520566,22,27,72,66,69
10/30/2022,7,2022,1,,JAX,DEN,1373.415665,1400.436516,0.461192081,0.538807919,1358.750584,1415.101597,1403.851836,1459.095238,Trevor Lawrence,Russell Wilson,146.8325757,123.8746547,13.77094124,-7.434751292,0.451171913,0.548828087,17.81349281,66.56187829,133.9306674,118.1433771,1389.55044,1473.396635,17,21,18,18,18
10/30/2022,7,2022,0,,DAL,CHI,1593.422521,1458.732755,0.759420802,0.240579198,1606.852485,1445.302791,1630.304623,1441.621812,Dak Prescott,Justin Fields,168.1971908,86.90604402,7.970378207,-9.378616956,0.815332621,0.184667379,338.9331043,294.1905318,185.2707822,107.6344928,1640.368934,1431.557501,49,29,63,23,43
10/30/2022,7,2022,0,,NYJ,NE,1485.183698,1498.067785,0.574443325,0.425556675,1464.098934,1519.152549,1488.909406,1494.008106,Zach Wilson,Mac Jones,75.51890024,123.820085,-13.73879968,-8.775099905,0.556314056,0.443685944,79.47775722,0.698198955,75.91478594,111.5078964,1468.611207,1514.306305,17,22,38,88,63
10/30/2022,8,2022,0,,PHI,PIT,1609.126767,1452.974714,0.781265018,0.218734982,1621.590693,1440.510788,1625.34449,1426.497052,Jalen Hurts,Kenny Pickett,193.7335404,108.9491089,14.76904672,-32.21387105,0.863562686,0.136437314,294.515325,10.99082544,203.8117189,99.15328053,1632.812373,1419.029169,35,13,52,10,31
10/30/2022,8,2022,0,,MIN,ARI,1574.231,1489.16553,0.703463627,0.296536373,1586.430025,1476.966504,1571.691932,1475.339936,Kirk Cousins,Kyler Murray,178.7886548,191.2034917,-3.622595921,0.706553315,0.727785959,0.272214041,228.470514,227.7501407,183.7568407,194.8581566,1582.792262,1464.239606,34,26,59,36,48
10/30/2022,8,2022,0,,ATL,CAR,1473.572306,1411.683883,0.674899292,0.325100708,1482.094482,1403.161707,1427.318564,1421.7337,Marcus Mariota,P.J. Walker,122.8983057,35.3888722,-4.008157675,-50.76544663,0.642614516,0.357385484,223.9856989,114.9739876,133.007045,43.34738374,1436.788647,1412.263617,37,34,6,66,36
10/30/2022,8,2022,0,,NO,OAK,1469.58818,1483.665337,0.572763568,0.427236432,1496.470366,1456.783152,1454.009901,1494.27855,Andy Dalton,Derek Carr,112.1822349,152.8812814,-28.4014156,-0.56830931,0.480758246,0.519241754,225.1172385,-70.94274835,123.4757353,130.4988784,1487.641895,1460.646556,24,0,28,45,37
10/30/2022,8,2022,0,,DET,MIA,1369.244323,1509.285973,0.393654947,0.606345053,1356.991018,1521.539279,1362.280199,1501.100973,Jared Goff,Tua Tagovailoa,150.6427933,166.8921047,-1.779975069,25.82970079,0.342654173,0.657345827,271.0775761,374.7387704,162.6862716,187.6767712,1351.790225,1511.590946,27,31,19,31,25
10/30/2022,8,2022,0,,HOU,TEN,1378.48988,1583.034853,0.309323171,0.690676829,1366.392803,1595.13193,1362.57855,1563.20877,Davis Mills,Malik Willis,118.1870242,74.36088,-12.31426897,-55.61711234,0.352068897,0.647931103,-6.45667359,-90.52271141,105.7226544,57.87252086,1348.609232,1577.178088,10,17,15,29,22
10/30/2022,8,2022,0,,IND,WSH,1499.120557,1436.168716,0.676240977,0.323759023,1489.166966,1446.122306,1506.44607,1441.388084,Sam Ehlinger,Taylor Heinicke,14.50944,100.4970356,-107.9503189,-21.14816399,0.541547559,0.458452441,109.0373261,260.6841654,23.96222861,116.5157486,1498.838564,1448.99559,16,17,10,48,29
10/30/2022,8,2022,0,,LAR,SF,1556.679873,1542.751526,0.611672532,0.388327468,1520.004881,1579.426517,1526.332097,1514.737501,Matthew Stafford,Jimmy Garoppolo,156.6785389,136.2294909,-13.62891686,14.63389576,0.583248084,0.416751916,186.9955139,251.9883822,159.7102364,147.8053801,1491.696763,1549.372835,14,31,59,93,76
10/30/2022,8,2022,0,,SEA,NYG,1533.586108,1481.640467,0.662217805,0.337782195,1550.957327,1464.269248,1467.818813,1500.957939,Geno Smith,Daniel Jones,168.2549966,155.7519572,7.077693413,20.50039112,0.516844117,0.483155883,198.2137688,-29.15923031,171.2508738,137.2608384,1493.848484,1474.928267,27,13,47,79,63
10/30/2022,8,2022,0,,BUF,GB,1699.796699,1508.390086,0.813966903,0.186033097,1707.787178,1500.399607,1686.125661,1508.699849,Josh Allen,Aaron Rodgers,302.9118629,202.0844373,25.24792762,-10.7572675,0.840742788,0.159257212,142.356879,179.7204829,286.8563645,199.8480419,1692.87642,1501.949089,27,17,89,31,60
10/31/2022,8,2022,0,,CLE,CIN,1447.513155,1593.014544,0.386178791,0.613821209,1485.68687,1554.840828,1447.905189,1579.317427,Jacoby Brissett,Joe Burrow,116.7542861,217.3161912,-55.37253809,25.65992858,0.281390434,0.718609566,282.8841897,108.7680995,133.3672765,206.461382,1494.402802,1532.819813,32,13,44,53,49
11/3/2022,8,2022,0,,HOU,PHI,1366.392803,1621.590693,0.250702886,0.749297114,1354.555386,1633.42811,1348.609232,1632.812373,Davis Mills,Jalen Hurts,105.7226544,203.8117189,-17.93074041,19.06968362,0.176852774,0.823147226,47.69757518,207.6697152,99.9201465,204.1975185,1340.519234,1640.902372,17,29,35,13,24
11/6/2022,8,2022,0,,CHI,MIA,1445.302791,1521.539279,0.48383503,0.51616497,1431.956203,1534.885867,1431.557501,1511.590946,Justin Fields,Tua Tagovailoa,107.6344928,187.6767712,1.454538279,34.93054904,0.414332438,0.585667562,474.2999883,332.8427401,144.3010423,202.1933681,1420.375348,1522.773099,32,35,42,43,43
11/6/2022,8,2022,0,,WSH,MIN,1446.122306,1586.430025,0.393289424,0.606710576,1435.578917,1596.973415,1448.99559,1582.792262,Taylor Heinicke,Kirk Cousins,116.5157486,183.7568407,-12.0813993,-0.957373163,0.369962036,0.630037964,33.50892471,100.2517508,108.2150662,175.4063317,1439.151876,1592.635977,17,20,51,34,43
11/6/2022,8,2022,0,,NYJ,BUF,1464.098934,1707.787178,0.263353243,0.736646757,1486.328661,1685.557452,1468.611207,1692.87642,Zach Wilson,Josh Allen,75.91478594,286.8563645,-12.85391685,15.95778204,0.236817074,0.763182926,190.8307497,122.72958,87.40638232,270.4436861,1491.925432,1669.562196,20,17,82,66,74
11/6/2022,8,2022,0,,NE,IND,1519.152549,1489.166966,0.633388429,0.366611571,1541.490335,1466.82918,1514.306305,1498.838564,Mac Jones,Sam Ehlinger,111.5078964,23.96222861,-14.49243921,-97.82640865,0.704172422,0.295827578,37.0762481,-164.4398396,104.0647316,5.122021784,1531.904311,1481.240557,26,3,22,58,40
11/6/2022,9,2022,0,,DET,GB,1356.991018,1500.399607,0.389038384,0.610961616,1381.647302,1475.743322,1351.790225,1501.949089,Jared Goff,Aaron Rodgers,162.6862716,199.8480419,4.330762823,-11.33760185,0.380546057,0.619453943,113.0953261,37.18812288,157.727177,183.58205,1376.862881,1476.876433,15,9,13,17,15
11/6/2022,9,2022,0,,ATL,LAC,1482.094482,1470.688366,0.608218274,0.391781726,1464.624352,1488.158496,1436.788647,1488.553004,Marcus Mariota,Justin Herbert,133.007045,213.1611886,1.246619871,0.803649769,0.471419363,0.528580637,31.17859121,145.8215793,122.8241996,206.4272277,1423.835188,1501.506463,17,20,30,82,56
11/6/2022,9,2022,0,,JAX,OAK,1358.750584,1456.783152,0.452605033,0.547394967,1381.863131,1433.670605,1389.55044,1460.646556,Trevor Lawrence,Derek Carr,133.9306674,130.4988784,6.631440034,-11.73109533,0.505514107,0.494485893,300.9476676,159.8900754,150.6323674,133.4379981,1410.079774,1440.117222,27,20,14,25,20
11/6/2022,9,2022,0,,CIN,CAR,1554.840828,1403.161707,0.776833045,0.223166955,1567.400218,1390.602317,1532.819813,1412.263617,Joe Burrow,P.J. Walker,206.461382,43.34738374,18.94952757,-44.24791853,0.793426221,0.206573779,251.362705,-108.4837287,210.9515143,28.16427249,1544.363721,1400.719709,42,21,25,24,25
11/6/2022,9,2022,0,,ARI,SEA,1476.966504,1550.957327,0.487064054,0.512935946,1453.703004,1574.220827,1464.239606,1493.848484,Kyler Murray,Geno Smith,194.8581566,171.2508738,2.498558102,8.221747353,0.525547484,0.474452516,194.6850222,244.0732793,194.8408432,178.5331144,1438.830238,1519.257853,21,31,40,77,59
11/6/2022,9,2022,0,,TB,LAR,1537.681676,1520.004881,0.616785371,0.383214629,1547.921813,1509.764744,1516.601994,1491.696763,Tom Brady,Matthew Stafford,215.2404732,159.7102364,-3.162381537,-11.43162227,0.627330264,0.372669736,233.7452541,-3.309118351,217.0909513,143.4083009,1526.526477,1481.772281,16,13,47,76,62
11/6/2022,9,2022,0,,KC,TEN,1683.145783,1595.13193,0.706991815,0.293008185,1690.741406,1587.536307,1651.952759,1577.178088,Patrick Mahomes,Malik Willis,272.1258529,57.87252086,11.93817202,-61.0804363,0.783409373,0.216590627,354.1924511,-82.77919424,280.3325128,43.80734935,1657.404478,1571.726368,20,17,86,37,62
11/7/2022,9,2022,0,,NO,BAL,1496.470366,1556.413612,0.50727674,0.49272326,1468.932451,1583.951526,1487.641895,1572.520566,Andy Dalton,Lamar Jackson,123.4757353,202.7482436,-21.33459463,11.42536836,0.407586262,0.592413738,25.15278834,165.8806801,113.6434406,199.0614873,1466.199764,1593.962698,13,27,60,55,58
11/10/2022,9,2022,0,,CAR,ATL,1390.602317,1464.624352,0.487019166,0.512980834,1415.305108,1439.921561,1400.719709,1423.835188,P.J. Walker,Marcus Mariota,28.16427249,122.8241996,-49.62707822,-3.907133811,0.472322284,0.527677716,5.176791317,85.97086074,25.86552438,119.1388657,1426.249437,1398.30546,25,15,4,46,25
11/13/2022,9,2022,1,,TB,SEA,1547.921813,1574.220827,0.462224796,0.537775204,1567.426247,1554.716392,1526.526477,1519.257853,Tom Brady,Geno Smith,217.0909513,178.5331144,-2.079023414,11.45178026,0.490988975,0.509011025,224.5170621,258.5126286,217.8335623,186.5310658,1544.819052,1500.965277,21,16,63,71,67
11/13/2022,9,2022,0,,BUF,MIN,1685.557452,1596.973415,0.707671284,0.292328716,1664.464091,1618.066776,1669.562196,1592.635977,Josh Allen,Kirk Cousins,270.4436861,175.4063317,6.953553712,-5.084759002,0.691958162,0.308041838,289.1997695,114.9255033,272.3192944,169.3582489,1649.067346,1613.130827,30,33,95,52,74
11/13/2022,9,2022,0,,TEN,DEN,1587.536307,1415.101597,0.796860074,0.203139926,1595.161691,1407.476213,1571.726368,1473.396635,Ryan Tannehill,Russell Wilson,111.2629354,118.1433771,2.396585822,-9.928652548,0.689300714,0.310699286,237.3291092,-58.89088043,123.8695528,100.4399513,1583.88307,1461.239934,17,10,57,16,37
11/13/2022,9,2022,0,,NYG,HOU,1464.269248,1354.555386,0.732184425,0.267815575,1475.17239,1343.652244,1474.928267,1340.519234,Daniel Jones,Davis Mills,137.2608384,99.9201465,10.22981219,-19.93545735,0.802861962,0.197138038,192.6325204,89.26937137,142.7980066,98.85506899,1482.726668,1332.720833,24,16,7,12,10
11/13/2022,9,2022,0,,MIA,CLE,1534.885867,1485.68687,0.658672107,0.341327893,1555.234243,1465.338494,1522.773099,1494.402802,Tua Tagovailoa,Jacoby Brissett,202.1933681,133.3672765,40.44232003,-44.297416,0.692589465,0.307410535,379.8359855,129.7912799,219.9576299,133.0096768,1540.888874,1476.287027,39,17,51,66,59
11/13/2022,9,2022,0,,PIT,NO,1440.510788,1468.932451,0.552446826,0.447553174,1461.623471,1447.819769,1419.029169,1466.199764,Kenny Pickett,Andy Dalton,99.15328053,113.6434406,-35.50109167,-25.18401225,0.528570304,0.471429696,109.7029371,-2.724150257,100.2082462,102.0066815,1441.435536,1443.793397,20,10,11,13,12
11/13/2022,9,2022,0,,KC,JAX,1690.741406,1381.863131,0.895875706,0.104124294,1695.009628,1377.594909,1657.404478,1410.079774,Patrick Mahomes,Trevor Lawrence,280.3325128,150.6323674,15.44459333,14.65071804,0.849448311,0.150551689,408.2718626,174.7660565,293.1264477,153.0457363,1663.756729,1403.727522,27,17,68,16,42
11/13/2022,10,2022,0,,CHI,DET,1431.956203,1381.647302,0.66010707,0.33989293,1422.299013,1391.304493,1420.375348,1376.862881,Justin Fields,Jared Goff,144.3010423,157.727177,19.71508614,1.634677408,0.654804191,0.345195809,355.7250078,189.1168941,165.4434389,160.8661487,1410.814497,1386.423732,30,31,10,9,10
11/13/2022,10,2022,0,,OAK,IND,1433.670605,1466.82918,0.545695631,0.454304369,1413.828314,1486.671471,1440.117222,1481.240557,Derek Carr,Matt Ryan,133.4379981,120.6829208,-9.674980717,13.20570741,0.648797445,0.351202555,198.2087267,261.7765753,139.915071,134.7922863,1422.731239,1498.62654,20,25,29,9,19
11/13/2022,10,2022,0,,GB,DAL,1475.743322,1606.852485,0.405993061,0.594006939,1492.722922,1589.872885,1476.876433,1640.368934,Aaron Rodgers,Dak Prescott,183.58205,185.2707822,-18.90371771,16.10865497,0.271983419,0.728016581,269.2172962,154.2668508,192.1455746,182.170389,1498.762908,1618.482459,31,28,74,20,47
11/13/2022,10,2022,0,,LAR,ARI,1509.764744,1453.703004,0.667497306,0.332502694,1475.888846,1487.578902,1481.772281,1438.830238,John Wolford,Colt McCoy,29.78911112,140.8403616,-132.6301987,-51.6355081,0.51730289,0.48269711,37.1359064,199.5842824,30.52379065,146.7147537,1456.827135,1463.775383,17,27,2,39,21
11/13/2022,10,2022,0,,SF,LAC,1579.426517,1488.158496,0.710857233,0.289142767,1589.933139,1477.651874,1549.372835,1501.506463,Jimmy Garoppolo,Justin Herbert,147.8053801,206.4272277,19.69014553,-2.603513187,0.697610515,0.302389485,197.2259527,100.3920292,152.7474373,195.8237078,1560.412574,1490.466724,22,16,66,63,65
11/14/2022,10,2022,0,,PHI,WSH,1633.42811,1435.578917,0.819517449,0.180482551,1587.173234,1481.833793,1640.902372,1439.151876,Jalen Hurts,Taylor Heinicke,204.1975185,108.2150662,18.30909925,-15.62767053,0.837474767,0.162525233,207.4054543,37.68898744,204.5183121,101.1624583,1593.091686,1486.962561,21,32,65,32,49
11/17/2022,10,2022,0,,GB,TEN,1492.722922,1595.161691,0.446328857,0.553671143,1471.676092,1616.208521,1498.762908,1583.88307,Aaron Rodgers,Ryan Tannehill,192.1455746,123.8695528,-13.67676951,8.580065219,0.419571703,0.580428297,196.7999546,244.8597993,192.6110126,135.9685774,1479.143883,1603.502095,17,27,67,31,49
11/20/2022,10,2022,0,,NYG,DET,1475.17239,1391.304493,0.702023552,0.297976448,1435.429491,1431.047393,1482.726668,1386.423732,Daniel Jones,Jared Goff,142.7980066,160.8661487,12.48690569,3.122429392,0.710833916,0.289166084,189.4050484,108.2021938,147.4587108,155.5997532,1442.339675,1426.810724,18,31,20,36,28
11/20/2022,10,2022,0,,BUF,CLE,1664.464091,1465.338494,0.820601668,0.179398332,1671.502633,1458.299952,1649.067346,1476.287027,Josh Allen,Jacoby Brissett,272.3192944,133.0096768,7.543680196,-42.26134503,0.827141956,0.172858044,140.7004772,413.0755191,259.1574127,161.0162611,1655.827801,1469.526571,31,23,68,28,48
11/20/2022,10,2022,0,,BAL,CAR,1583.951526,1415.305108,0.793307199,0.206692801,1592.912408,1406.344226,1593.962698,1426.249437,Lamar Jackson,Baker Mayfield,199.0614873,66.40489772,9.010721762,-7.755725032,0.816747388,0.183252612,121.8986087,-52.03856006,191.3451994,54.56055194,1601.823483,1418.388652,13,3,51,13,32
11/20/2022,10,2022,0,,NE,NYJ,1541.490335,1486.328661,0.666346372,0.333653628,1554.647945,1473.171051,1531.904311,1491.925432,Mac Jones,Zach Wilson,104.0647316,87.40638232,-17.48939966,-6.465422815,0.610833621,0.389166379,86.19939204,-27.88155663,102.2781976,75.87758842,1547.532942,1476.296801,10,3,49,95,72
11/20/2022,10,2022,0,,ATL,CHI,1439.921561,1422.299013,0.616711562,0.383288438,1450.163914,1412.056659,1398.30546,1410.814497,Marcus Mariota,Justin Fields,119.1388657,165.4434389,-5.554444063,29.3005301,0.505272024,0.494727976,182.9273404,105.2042428,125.5177132,159.4195193,1411.999429,1397.120529,27,24,12,16,14
11/20/2022,10,2022,0,,IND,PHI,1486.671471,1587.173234,0.449085935,0.550914065,1480.544687,1593.300018,1498.62654,1593.091686,Matt Ryan,Jalen Hurts,134.7922863,204.5183121,19.60010476,17.55404108,0.440692835,0.559307165,113.3208291,280.0045814,132.6451405,212.066939,1492.630098,1599.088128,16,17,78,85,82
11/20/2022,10,2022,0,,HOU,WSH,1343.652244,1481.833793,0.396213641,0.603786359,1323.412882,1502.073155,1332.720833,1486.962561,Davis Mills,Taylor Heinicke,98.85506899,101.1624583,-19.47122324,-18.37259094,0.357645524,0.642354476,-83.49852744,107.0671854,80.61970935,101.752931,1314.67819,1505.005204,10,23,5,22,14
11/20/2022,10,2022,0,,NO,LAR,1447.819769,1475.888846,0.552948602,0.447051398,1466.105161,1457.603454,1443.793397,1456.827135,Andy Dalton,Matthew Stafford,102.0066815,143.4083009,-29.74319118,-12.74683872,0.536419409,0.463580591,281.6413593,173.8140813,119.9701493,146.4488789,1462.853532,1437.766999,27,20,16,13,15
11/20/2022,10,2022,0,,DEN,OAK,1407.476213,1413.828314,0.583608497,0.416391503,1384.14115,1437.163377,1461.239934,1422.731239,Russell Wilson,Derek Carr,100.4399513,139.915071,-18.28393279,-5.952695251,0.609431767,0.390568233,96.85403752,291.0989447,100.0813599,155.0334584,1436.658334,1447.312838,16,22,16,4,10
11/20/2022,11,2022,0,,PIT,CIN,1461.623471,1567.400218,0.441585508,0.558414492,1443.592645,1585.431044,1441.435536,1544.363721,Kenny Pickett,Joe Burrow,100.2082462,210.9515143,-33.19855425,20.24711734,0.319092593,0.680907407,199.8467487,239.2683483,110.1720964,213.7831977,1428.914239,1556.885018,30,37,39,47,43
11/20/2022,11,2022,0,,MIN,DAL,1618.066776,1589.872885,0.630990208,0.369009792,1570.130531,1637.80913,1613.130827,1618.482459,Kirk Cousins,Dak Prescott,169.3582489,182.170389,-7.854562475,13.75302565,0.536202039,0.463797961,-105.6272776,351.596072,141.8596962,199.1129573,1573.669192,1657.944094,3,40,93,73,83
11/20/2022,11,2022,0,,LAC,KC,1477.651874,1695.009628,0.293791179,0.706208821,1470.033829,1702.627672,1490.466724,1663.756729,Justin Herbert,Patrick Mahomes,195.8237078,293.1264477,-7.775097452,21.06933115,0.299041288,0.700958712,119.1340447,325.2709461,188.1547415,296.3408976,1482.6981,1671.525353,27,30,83,85,84
11/21/2022,11,2022,1,,ARI,SF,1487.578902,1589.933139,0.356818811,0.643181189,1464.616911,1612.89513,1463.775383,1560.412574,Colt McCoy,Jimmy Garoppolo,146.7147537,152.7474373,-46.11653665,21.17666689,0.280161793,0.719838207,73.55871875,300.5654021,139.3991502,167.5292338,1446.216044,1577.971914,10,38,46,64,55
11/24/2022,11,2022,0,,DET,BUF,1431.047393,1671.502633,0.266979548,0.733020452,1424.191891,1678.358135,1426.810724,1655.827801,Jared Goff,Josh Allen,155.5997532,259.1574127,0.333110177,0.585555327,0.262207794,0.737792206,217.1580342,209.601087,161.7555813,254.2017801,1420.089805,1662.548721,25,28,66,47,57
11/24/2022,11,2022,0,,DAL,NYG,1637.80913,1435.429491,0.823342716,0.176657284,1644.730989,1428.507632,1657.944094,1442.339675,Dak Prescott,Daniel Jones,199.1129573,147.4587108,21.53665852,14.19291249,0.831392414,0.168607586,192.5183751,171.2103773,198.4534991,149.8338774,1664.524431,1435.759338,28,20,77,40,59
11/24/2022,11,2022,0,,MIN,NE,1570.130531,1554.647945,0.613795552,0.386204448,1585.625471,1539.153005,1573.669192,1547.532942,Kirk Cousins,Mac Jones,141.8596962,102.2781976,-21.21111068,-17.50819666,0.607084763,0.392915237,373.7688122,283.4925594,165.0506078,120.3996338,1589.467338,1531.734796,33,26,69,61,65
11/27/2022,11,2022,0,,TEN,CIN,1616.208521,1585.431044,0.634446304,0.365553696,1594.856936,1606.782629,1603.502095,1556.885018,Ryan Tannehill,Joe Burrow,135.9685774,213.7831977,14.20057428,20.65060317,0.626421829,0.373578171,215.5607023,206.7262479,143.9277899,213.0775027,1582.48034,1577.906773,16,20,89,47,68
11/27/2022,11,2022,0,,NYJ,CHI,1473.171051,1412.056659,0.673920909,0.326079091,1492.236609,1392.991101,1476.296801,1397.120529,Mike White,Trevor Siemian,53.45678449,118.0295734,-34.32735255,-16.56640208,0.657012445,0.342987555,341.3872644,49.18571345,82.24983249,111.1451874,1496.465401,1376.951929,31,10,10,20,15
11/27/2022,11,2022,0,,CLE,TB,1458.299952,1567.426247,0.436836411,0.563163589,1480.665869,1545.06033,1469.526571,1544.819052,Jacoby Brissett,Tom Brady,161.0162611,217.8335623,-26.14498567,-1.6037667,0.397279736,0.602720264,88.47328817,200.2917444,153.7619638,216.0793805,1493.781659,1520.563964,23,17,44,35,40
11/27/2022,11,2022,0,,CAR,DEN,1406.344226,1384.14115,0.622924821,0.377075179,1425.487875,1364.997501,1418.388652,1436.658334,Sam Darnold,Russell Wilson,91.07374715,100.0813599,23.22308354,-17.54903184,0.608502884,0.391497116,210.8402885,22.3799693,103.0504013,92.31122086,1438.356936,1416.69005,23,10,16,3,10
11/27/2022,11,2022,0,,MIA,HOU,1555.234243,1323.412882,0.846659946,0.153340054,1562.72639,1315.920736,1540.888874,1314.67819,Tua Tagovailoa,Kyle Allen,219.9576299,110.8514949,47.30233489,2.616443672,0.898413484,0.101586516,139.6301172,-37.4419931,211.9248786,96.02214612,1546.566613,1309.000451,30,15,19,4,12
11/27/2022,11,2022,0,,WSH,ATL,1502.073155,1450.163914,0.662170934,0.337829066,1514.557433,1437.679636,1505.005204,1411.999429,Taylor Heinicke,Marcus Mariota,101.752931,125.5177132,-17.15872504,-2.087298125,0.677326218,0.322673782,65.26032164,151.64269,98.1036701,128.1302109,1516.868473,1400.136159,19,13,22,87,55
11/27/2022,11,2022,0,,JAX,BAL,1377.594909,1592.912408,0.296233824,0.703766176,1388.066675,1582.440642,1403.727522,1601.823483,Trevor Lawrence,Lamar Jackson,153.0457363,191.3451994,15.1248666,4.702041747,0.345129251,0.654870749,292.739659,226.4545605,167.0151286,194.8561355,1413.289579,1592.261426,28,27,52,15,34
11/27/2022,11,2022,0,,ARI,LAC,1464.616911,1470.033829,0.584916109,0.415083891,1456.28253,1478.36821,1446.216044,1482.6981,Kyler Murray,Justin Herbert,194.8408432,188.1547415,7.97318142,-11.22082574,0.54705282,0.45294718,260.7936898,291.773423,201.4361278,198.5166097,1438.517529,1490.396615,24,25,30,36,33
11/27/2022,11,2022,0,,SEA,OAK,1554.716392,1437.163377,0.740939937,0.259060063,1523.27105,1468.60872,1500.965277,1447.312838,Geno Smith,Derek Carr,186.5310658,155.0334584,14.87816696,1.9041332,0.695895245,0.304104755,187.6776267,234.0475,186.6457219,162.9348625,1471.988124,1476.289992,34,40,39,28,34
11/27/2022,12,2022,0,,SF,NO,1612.89513,1466.105161,0.771915879,0.228084121,1623.876514,1455.123777,1577.971914,1462.853532,Jimmy Garoppolo,Andy Dalton,167.5292338,119.9701493,27.50873178,-19.27429773,0.778412397,0.221587603,211.6196682,156.9670738,171.9382772,123.6698417,1588.611946,1452.2135,13,0,59,32,46
11/27/2022,12,2022,0,,KC,LAR,1702.627672,1457.603454,0.856269219,0.143730781,1709.766121,1450.465006,1671.525353,1437.766999,Patrick Mahomes,Bryce Perkins,296.3408976,0,21.62308951,-157.0380867,0.936182898,0.063817102,290.9555823,-61.09636654,295.8023661,-6.109636654,1674.508785,1434.783568,26,10,28,5,17
11/27/2022,12,2022,0,,PHI,GB,1593.300018,1471.676092,0.745412596,0.254587404,1603.060074,1461.916036,1599.088128,1479.143883,Jalen Hurts,Aaron Rodgers,212.066939,192.6110126,20.45065249,-12.76021203,0.764714983,0.235285017,380.0931003,40.96107865,228.8695551,177.4460192,1608.040158,1470.191853,40,33,68,43,56
11/28/2022,12,2022,0,,IND,PIT,1480.544687,1443.592645,0.642649672,0.357350328,1452.518871,1471.618461,1492.630098,1428.914239,Matt Ryan,Kenny Pickett,132.6451405,110.1720964,17.54652666,-26.55670142,0.712680281,0.287319719,86.03122187,105.5906433,127.9837487,109.7139511,1460.700139,1460.844198,17,24,25,10,18
12/1/2022,12,2022,0,,NE,BUF,1539.153005,1678.358135,0.394804924,0.605195076,1518.467681,1699.043458,1531.734796,1662.548721,Mac Jones,Josh Allen,120.3996338,254.2017801,-7.572068732,-1.921538726,0.378379366,0.621620634,171.6164235,243.1766626,125.5213128,253.0992684,1512.014421,1682.269096,10,24,87,90,89
12/4/2022,12,2022,0,,NYG,WSH,1428.507632,1514.557433,0.469743913,0.530256087,1429.430397,1513.634669,1435.759338,1516.868473,Daniel Jones,Taylor Heinicke,149.8338774,98.1036701,14.67085019,-18.12541926,0.501665959,0.498334041,259.5268465,158.4387474,160.8031743,104.1371778,1435.708529,1516.919283,20,20,35,99,67
12/4/2022,12,2022,0,,MIN,NYJ,1585.625471,1492.236609,0.713360092,0.286639908,1595.207415,1482.654665,1589.467338,1496.465401,Kirk Cousins,Mike White,165.0506078,82.24983249,-8.555099342,-18.21446093,0.709809298,0.290190702,115.6627188,115.1742225,160.1118189,85.54227149,1599.180358,1486.752381,27,22,63,54,59
12/4/2022,12,2022,0,,ATL,PIT,1437.679636,1471.618461,0.544581912,0.455418088,1422.364388,1486.93371,1400.136159,1460.844198,Marcus Mariota,Kenny Pickett,128.1302109,109.7139511,-0.676684381,-25.457939,0.52134204,0.47865796,77.7359518,114.1035966,123.090785,110.1529157,1385.58333,1475.397027,16,19,12,25,19
12/4/2022,12,2022,0,,PHI,TEN,1603.060074,1594.856936,0.603816088,0.396183912,1628.044836,1569.872174,1608.040158,1582.48034,Jalen Hurts,Ryan Tannehill,228.8695551,143.9277899,27.82942793,17.47015181,0.623091217,0.376908783,423.3962265,79.13931573,248.3222223,137.4489425,1631.6626,1558.857898,35,10,93,47,70
12/4/2022,12,2022,0,,BAL,DEN,1582.440642,1364.997501,0.835603553,0.164396447,1584.460362,1362.97778,1592.261426,1416.69005,Lamar Jackson,Russell Wilson,194.8561355,92.31122086,6.222407714,-20.55664978,0.814541034,0.185458966,-4.995434888,141.778967,174.8709785,97.25799548,1594.563447,1414.38803,10,9,43,12,28
12/4/2022,12,2022,0,,CHI,GB,1392.991101,1461.916036,0.494351805,0.505648195,1370.265902,1484.641235,1376.951929,1470.191853,Justin Fields,Aaron Rodgers,159.4195193,177.4460192,29.09405689,-19.70469813,0.507155529,0.492844471,313.5347363,129.5841922,174.831041,172.6598365,1353.543645,1493.600136,19,28,16,3,10
12/4/2022,12,2022,0,,HOU,CLE,1315.920736,1480.665869,0.36027307,0.63972693,1297.729861,1498.856744,1309.000451,1493.781659,Kyle Allen,Deshaun Watson,96.02214612,228.7958325,-4.929052913,46.56898368,0.258437901,0.741562099,30.8534482,20.74490233,89.50527633,207.9907395,1296.407937,1506.374173,14,27,11,3,7
12/4/2022,12,2022,0,,DET,JAX,1424.191891,1388.066675,0.641555885,0.358444115,1446.781025,1365.477541,1420.089805,1413.289579,Jared Goff,Trevor Lawrence,161.7555813,167.0151286,3.394368715,21.3533194,0.558530694,0.441469306,283.0781235,66.42732364,173.8878355,156.9563481,1448.659423,1384.719961,40,14,16,16,16
12/4/2022,12,2022,0,,SF,MIA,1623.876514,1562.72639,0.673966109,0.326033891,1641.349091,1545.253813,1588.611946,1546.566613,Jimmy Garoppolo,Tua Tagovailoa,171.9382772,211.9248786,28.33781691,40.92084252,0.624636606,0.375363394,-19.43360243,89.68501116,152.8010893,199.7008918,1609.05937,1526.119189,33,17,90,39,65
12/4/2022,12,2022,0,,LAR,SEA,1450.465006,1523.27105,0.488768089,0.511231911,1434.787794,1538.948262,1434.783568,1471.988124,John Wolford,Geno Smith,30.52379065,186.6457219,-115.6075734,14.19158665,0.340988813,0.659011187,-73.03858395,260.2040942,20.16755319,194.0015591,1424.350377,1482.421315,23,27,7,50,29
12/4/2022,12,2022,0,,CIN,KC,1606.782629,1709.766121,0.445554101,0.554445899,1622.425206,1694.123544,1577.906773,1674.508785,Joe Burrow,Patrick Mahomes,213.0775027,295.8023661,19.26522552,20.27266927,0.433066058,0.566933942,393.3647428,208.7089582,231.1062267,287.0930253,1593.967103,1658.448454,27,24,97,91,94
12/4/2022,13,2022,0,,OAK,LAC,1468.60872,1478.36821,0.578834306,0.421165694,1485.695472,1461.281458,1476.289992,1490.396615,Derek Carr,Justin Herbert,162.9348625,198.5166097,5.759628624,-5.478850376,0.566858048,0.433141952,151.3602963,57.15003634,161.7774059,184.3799523,1493.929127,1472.75748,27,20,40,80,60
12/4/2022,13,2022,0,,DAL,IND,1644.730989,1452.518871,0.814668017,0.185331983,1656.623405,1440.626454,1664.524431,1460.700139,Dak Prescott,Matt Ryan,198.4534991,127.9837487,20.13009648,14.3385044,0.818285321,0.181714679,167.5974022,25.33614944,195.3678894,117.7189888,1676.164865,1449.059706,54,19,82,13,48
12/5/2022,13,2022,0,,TB,NO,1545.06033,1455.123777,0.709279325,0.290720675,1548.825416,1451.358692,1520.563964,1452.2135,Tom Brady,Andy Dalton,216.0793805,123.6698417,-2.400669262,-16.46073661,0.682573121,0.317426879,238.2949758,182.0259148,218.3009401,129.505449,1524.713568,1448.063896,17,16,36,78,57
12/8/2022,13,2022,0,,LAR,OAK,1434.787794,1485.695472,0.520269367,0.479730633,1441.395943,1479.087322,1424.350377,1493.929127,Baker Mayfield,Derek Carr,54.56055194,161.7774059,-80.61231469,4.892918881,0.308922099,0.691077901,42.70882554,-10.56981945,53.3753793,144.5426834,1433.775721,1484.503782,17,16,12,10,11
12/11/2022,13,2022,0,,TEN,JAX,1569.872174,1365.477541,0.825023496,0.174976504,1518.952901,1416.396814,1558.857898,1384.719961,Ryan Tannehill,Trevor Lawrence,137.4489425,156.9563481,13.35722051,15.25626318,0.7830014,0.2169986,93.66050835,442.7827062,133.0700991,185.5389839,1511.668094,1431.909765,22,36,38,11,25
12/11/2022,13,2022,0,,NYG,PHI,1429.430397,1628.044836,0.316663756,0.683336244,1409.752094,1647.723138,1435.708529,1631.6626,Daniel Jones,Jalen Hurts,160.8031743,248.3222223,19.42195613,36.1642901,0.280455878,0.719544122,199.888641,320.763101,164.711721,255.5663101,1418.50194,1648.869189,22,48,75,86,81
12/11/2022,13,2022,0,,DET,MIN,1446.781025,1595.207415,0.382195241,0.617804759,1478.69498,1563.29346,1448.659423,1599.180358,Jared Goff,Kirk Cousins,173.8878355,160.1118189,9.290777388,-10.59673883,0.387154042,0.612845958,359.8518024,294.4022485,192.4842322,173.5408619,1480.26288,1567.576901,34,23,59,32,46
12/11/2022,13,2022,0,,CIN,CLE,1622.425206,1498.856744,0.747531002,0.252468998,1634.698803,1486.583147,1593.967103,1506.374173,Joe Burrow,Deshaun Watson,231.1062267,207.9907395,27.31632625,33.83798799,0.679622764,0.320377236,142.1370668,188.3398013,222.2093107,206.0256457,1609.929109,1490.412166,23,10,84,69,77
12/11/2022,13,2022,0,,DAL,HOU,1656.623405,1297.729861,0.919836482,0.080163518,1658.786908,1295.566358,1676.164865,1296.407937,Dak Prescott,Davis Mills,195.3678894,80.61970935,17.58078681,-16.82660214,0.935216305,0.064783695,150.0239482,161.645633,190.8334953,88.72230171,1677.887108,1294.685694,27,23,27,2,15
12/11/2022,13,2022,0,,BUF,NYJ,1699.043458,1482.654665,0.834768111,0.165231889,1705.481091,1476.217033,1682.269096,1486.752381,Josh Allen,Mike White,253.0992684,85.54227149,-2.376717665,-15.65751838,0.815861014,0.184138986,173.5358739,129.0118933,245.1429289,89.88923367,1689.509905,1479.511572,20,12,80,62,71
12/11/2022,13,2022,0,,PIT,BAL,1486.93371,1584.460362,0.453326662,0.546673338,1477.118225,1594.275846,1475.397027,1594.563447,Kenny Pickett,Tyler Huntley,110.1529157,46.35079209,-23.96555978,-132.6014776,0.555801807,0.444198193,-20.77369031,70.84544522,97.06025508,48.80025741,1462.964778,1606.995696,14,16,26,60,43
12/11/2022,13,2022,0,,DEN,KC,1362.97778,1694.123544,0.177692751,0.822307249,1356.808615,1700.292709,1414.38803,1658.448454,Russell Wilson,Patrick Mahomes,97.25799548,287.0930253,-17.05542999,14.90436542,0.21489304,0.78510696,148.6027967,198.8306279,102.3924756,278.2667855,1406.801009,1666.035475,28,34,60,28,44
12/11/2022,13,2022,0,,SF,TB,1641.349091,1548.825416,0.712340629,0.287659371,1659.427342,1530.747165,1609.05937,1524.713568,Brock Purdy,Tom Brady,0,218.3009401,-135.4487572,-1.169856036,0.511971558,0.488028442,299.2809101,135.6570516,29.92809101,210.0365512,1641.802261,1491.970678,35,7,48,51,50
12/11/2022,13,2022,0,,SEA,CAR,1538.948262,1425.487875,0.73639222,0.26360778,1507.759194,1456.676942,1482.421315,1438.356936,Geno Smith,Sam Darnold,194.0015591,103.0504013,17.15992594,28.05025643,0.695115589,0.304884411,128.4772619,103.4996363,187.4491294,103.0953248,1458.595813,1462.182437,24,30,39,50,45
12/11/2022,13,2022,0,,LAC,MIA,1461.281458,1545.253813,0.472723693,0.527276307,1481.98061,1524.554661,1472.75748,1526.119189,Justin Herbert,Tua Tagovailoa,184.3799523,199.7008918,-12.27323652,32.76280702,0.442150202,0.557849798,264.6443687,24.62857249,192.406394,182.1936599,1494.873919,1504.00275,23,17,52,92,72
12/12/2022,13,2022,0,,ARI,NE,1456.28253,1518.467681,0.504050804,0.495949196,1428.947658,1545.802553,1438.517529,1512.014421,Kyler Murray,Mac Jones,201.4361278,125.5213128,10.87216468,-4.632625811,0.535717407,0.464282593,43.54412051,52.09104287,185.6469271,118.1782858,1409.170902,1541.361049,13,27,36,37,37
12/15/2022,14,2022,0,,SEA,SF,1507.759194,1659.427342,0.377798746,0.622201254,1491.786267,1675.400268,1458.595813,1641.802261,Geno Smith,Brock Purdy,187.4491294,29.92809101,13.02571478,-113.7122738,0.492723852,0.507276148,223.22049,192.6709455,191.0262655,46.20237645,1436.992965,1663.405109,13,21,48,86,67
12/17/2022,14,2022,0,,MIN,IND,1563.29346,1440.626454,0.746550396,0.253449604,1569.768254,1434.15166,1567.576901,1449.059706,Kirk Cousins,Matt Ryan,173.5408619,117.7189888,-3.352380408,8.489199216,0.681818608,0.318181392,180.3038231,22.71550328,174.217158,108.2186402,1575.897993,1440.738614,39,36,53,5,29
12/17/2022,14,2022,0,,CLE,BAL,1486.583147,1594.275846,0.438867644,0.561132356,1514.026438,1566.832556,1490.412166,1606.995696,Deshaun Watson,Tyler Huntley,206.0256457,48.80025741,31.16354168,-124.7466711,0.625673818,0.374326182,100.0212852,-31.65349552,195.4252096,40.75488211,1507.664265,1589.743597,13,3,49,33,41
12/17/2022,14,2022,0,,BUF,MIA,1705.481091,1524.554661,0.804658134,0.195341866,1710.352561,1519.683191,1689.509905,1504.00275,Josh Allen,Tua Tagovailoa,245.1429289,182.1936599,-6.236051508,22.3710507,0.770343532,0.229656468,406.1484413,198.7575897,261.2434802,183.8500529,1695.321912,1498.190744,32,29,90,70,80
12/18/2022,14,2022,0,,HOU,KC,1295.566358,1700.292709,0.12394162,0.87605838,1291.387999,1704.471068,1294.685694,1666.035475,Davis Mills,Patrick Mahomes,88.72230171,278.2667855,-11.93397585,9.746027277,0.122680874,0.877319126,171.8289479,496.5790418,97.03296633,300.0980112,1290.553135,1670.168034,24,30,25,11,18
12/18/2022,14,2022,0,,JAX,DAL,1416.396814,1658.786908,0.264805507,0.735194493,1447.518676,1627.665046,1431.909765,1677.887108,Trevor Lawrence,Dak Prescott,185.5389839,190.8334953,28.78476793,14.43455041,0.262729968,0.737270032,390.7996423,146.0337739,206.0650497,186.3535232,1463.148164,1646.648709,40,34,80,36,58
12/18/2022,14,2022,0,,CAR,PIT,1456.676942,1477.118225,0.563775867,0.436224133,1431.389937,1502.405231,1462.182437,1462.964778,Sam Darnold,Mitch Trubisky,103.0953248,127.1971483,26.67020536,0.823281126,0.606560763,0.393439237,85.08946398,180.4296898,101.2947387,132.5204024,1434.584088,1490.563127,16,24,36,25,31
12/18/2022,14,2022,0,,NO,ATL,1451.358692,1422.364388,0.632062387,0.367937613,1461.142096,1412.580984,1448.063896,1385.58333,Andy Dalton,Desmond Ridder,129.505449,79.80192,-12.71989613,-46.45142807,0.699273314,0.300726686,81.63470776,-12.90348196,124.7183749,70.5313798,1455.880946,1377.76628,21,18,5,7,6
12/18/2022,14,2022,0,,NYJ,DET,1476.217033,1478.69498,0.589017647,0.410982353,1459.408307,1495.503706,1479.511572,1480.26288,Zach Wilson,Jared Goff,75.87758842,192.4842322,-26.71280662,18.12443686,0.507184076,0.492815924,30.49842707,217.6253712,71.33967229,194.9983461,1465.417461,1494.356992,17,20,35,88,62
12/18/2022,14,2022,0,,CHI,PHI,1370.265902,1647.723138,0.227408557,0.772591443,1362.834349,1655.154691,1353.543645,1648.869189,Justin Fields,Jalen Hurts,174.831041,255.5663101,35.3451149,37.97811954,0.218272156,0.781727844,209.9904999,286.7512736,178.3469869,258.6848065,1346.437662,1655.975172,20,25,60,18,39
12/18/2022,14,2022,0,,DEN,ARI,1356.808615,1428.947658,0.489727537,0.510272463,1380.384033,1405.37224,1406.801009,1409.170902,Brett Rypien,Colt McCoy,7.421370741,139.3991502,-108.6065233,-43.81382083,0.47680121,0.52319879,-51.19721826,-20.03461251,1.559511841,123.4557739,1431.073182,1384.898729,24,15,0,1,1
12/18/2022,14,2022,0,,OAK,NE,1479.087322,1545.802553,0.497531604,0.502468396,1498.657748,1526.232128,1484.503782,1541.361049,Derek Carr,Mac Jones,144.5426834,118.1782858,-3.969088331,-8.072508015,0.507762507,0.492237493,142.9732055,-41.96032472,144.3857356,102.1644247,1503.613923,1522.250908,30,24,52,67,60
12/18/2022,14,2022,0,,LAC,TEN,1481.98061,1518.952901,0.540247846,0.459752154,1494.567293,1506.366218,1494.873919,1511.668094,Justin Herbert,Ryan Tannehill,192.406394,133.0700991,-7.646353878,10.49993778,0.530014999,0.469985001,28.56986191,11.48343488,176.0227408,120.9114327,1507.782149,1498.759864,17,14,51,97,74
12/18/2022,14,2022,0,,TB,CIN,1530.747165,1634.698803,0.444177769,0.555822231,1509.0564,1656.389567,1491.970678,1609.929109,Tom Brady,Joe Burrow,210.0365512,222.2093107,-5.243557657,21.50205194,0.369383814,0.630616186,250.4991023,234.7831556,214.0828063,223.4666952,1474.356893,1627.542894,23,34,75,74,75
12/18/2022,14,2022,0,,WSH,NYG,1513.634669,1409.752094,0.725551066,0.274448934,1479.09962,1444.287143,1516.919283,1418.50194,Taylor Heinicke,Daniel Jones,104.1371778,164.711721,-14.20239443,20.40513166,0.689119364,0.310880636,163.451237,153.4567952,110.0685837,163.5862284,1484.60519,1450.816033,12,20,33,99,66
12/19/2022,14,2022,0,,GB,LAR,1484.641235,1441.395943,0.650925535,0.349074465,1501.708643,1424.328534,1493.600136,1433.775721,Aaron Rodgers,Baker Mayfield,172.6598365,53.3753793,-21.11255457,-77.17428527,0.756184048,0.243815952,100.8049625,-78.37570947,165.4743491,40.20027042,1505.081495,1422.294362,24,12,11,3,7
12/22/2022,15,2022,0,,NYJ,JAX,1459.408307,1447.518676,0.608881312,0.391118688,1423.656991,1483.269992,1465.417461,1463.148164,Zach Wilson,Trevor Lawrence,71.33967229,206.0650497,-27.64612435,37.60856245,0.484321302,0.515678698,-133.8816237,277.9903936,50.81754268,213.2575841,1438.109028,1490.456596,3,19,32,84,58
12/24/2022,15,2022,0,,NE,CIN,1526.232128,1656.389567,0.407314963,0.592685037,1513.498303,1669.123392,1522.250908,1627.542894,Mac Jones,Joe Burrow,102.1644247,223.4666952,-15.67581314,21.05564158,0.372768291,0.627231709,144.5504382,356.5608362,106.4030261,236.7761093,1510.725525,1639.068277,18,22,82,84,83
12/24/2022,15,2022,0,,KC,SEA,1704.471068,1491.786267,0.831806146,0.168193854,1712.55967,1483.697666,1670.168034,1436.992965,Patrick Mahomes,Geno Smith,300.0980112,191.0262655,20.17433873,14.16299707,0.844505314,0.155494686,248.3436892,76.08379148,294.922579,179.5320181,1677.597137,1429.563862,24,10,78,65,72
12/24/2022,15,2022,0,,CAR,DET,1431.389937,1495.503706,0.501275386,0.498724614,1458.390486,1468.503157,1434.584088,1494.356992,Sam Darnold,Jared Goff,101.2947387,194.9983461,24.43640205,18.47527197,0.495594806,0.504405194,230.5697967,303.7044963,114.2222445,205.8689611,1461.941245,1466.999835,37,23,41,92,67
12/24/2022,15,2022,0,,CHI,BUF,1362.834349,1710.352561,0.164337092,0.835662908,1353.701594,1719.485317,1346.437662,1695.321912,Justin Fields,Josh Allen,178.3469869,261.2434802,35.3358321,2.126026685,0.178553,0.821447,96.0560012,150.2800009,170.1178883,250.1471322,1336.444869,1705.314705,13,35,60,23,42
12/24/2022,15,2022,0,,BAL,ATL,1566.832556,1412.580984,0.779389721,0.220610279,1575.648561,1403.764978,1589.743597,1377.76628,Tyler Huntley,Desmond Ridder,40.75488211,70.5313798,-122.5320251,-48.76412677,0.748261619,0.251738381,69.59926339,121.716512,43.63932024,75.64989302,1599.929898,1367.579979,17,9,6,34,20
12/24/2022,15,2022,0,,CLE,NO,1514.026438,1461.142096,0.663425451,0.336574549,1484.873208,1490.295325,1507.664265,1455.880946,Deshaun Watson,Andy Dalton,195.4252096,124.7183749,24.30514658,-14.47743839,0.6949074,0.3050926,50.73798315,12.13547027,180.956487,113.4600844,1476.754789,1486.790421,10,17,41,4,23
12/24/2022,15,2022,0,,MIN,NYG,1569.768254,1444.287143,0.749603252,0.250396748,1576.157528,1437.897869,1575.897993,1450.816033,Kirk Cousins,Daniel Jones,174.217158,163.5862284,-2.846613327,18.82212878,0.710757347,0.289242653,259.8549662,215.9160191,182.7809388,168.8192075,1583.385916,1443.32811,27,24,58,16,37
12/24/2022,15,2022,0,,TEN,HOU,1506.366218,1291.387999,0.833645081,0.166354919,1472.136176,1325.61804,1498.759864,1290.553135,Malik Willis,Davis Mills,43.80734935,97.03296633,-73.20847564,-7.181944752,0.752953221,0.247046779,-22.62361925,50.86765983,37.16425249,92.41643568,1469.174161,1320.138838,14,19,1,4,3
12/24/2022,15,2022,0,,SF,WSH,1675.400268,1479.09962,0.818195214,0.181804786,1684.794192,1469.705696,1663.405109,1484.60519,Brock Purdy,Taylor Heinicke,46.20237645,110.0685837,-99.88951741,-10.52657175,0.700914371,0.299085629,125.9502464,111.3757566,54.17716345,110.199301,1679.605053,1468.405247,37,20,57,62,60
12/24/2022,15,2022,0,,DAL,PHI,1627.665046,1655.154691,0.553772973,0.446227027,1644.740264,1638.079472,1646.648709,1655.975172,Dak Prescott,Gardner Minshew,186.3535232,149.8165671,11.47283682,-71.22977765,0.675492183,0.324507817,309.6772659,303.9059512,198.6858975,165.2255055,1658.58687,1644.037012,40,34,94,8,51
12/24/2022,15,2022,0,,PIT,OAK,1502.405231,1498.657748,0.59766428,0.40233572,1513.222324,1487.840655,1490.563127,1503.613923,Kenny Pickett,Derek Carr,97.06025508,144.3857356,-32.01640322,-3.849107807,0.521846948,0.478153052,148.2039825,-64.39871821,102.1746278,123.5072902,1503.729434,1490.447616,13,10,37,14,26
12/25/2022,15,2022,0,,MIA,GB,1519.683191,1501.708643,0.617190414,0.382809586,1494.721813,1526.670021,1498.190744,1505.081495,Tua Tagovailoa,Aaron Rodgers,183.8500529,165.4743491,22.08069465,-23.64967054,0.630711953,0.369288047,68.72936702,88.14731024,172.3379843,157.7416452,1472.561301,1530.710938,20,26,49,72,61
12/25/2022,15,2022,0,,LAR,DEN,1424.328534,1380.384033,0.65183954,0.34816046,1448.462679,1356.249888,1422.294362,1431.073182,Baker Mayfield,Russell Wilson,40.20027042,102.3924756,-79.90312545,-5.274162812,0.455033654,0.544966346,346.5734091,-98.96899458,70.83758429,82.25632858,1462.514381,1390.853163,51,14,4,0,2
12/25/2022,15,2022,0,,ARI,TB,1405.37224,1509.0564,0.444557935,0.555442065,1393.259464,1521.169176,1384.898729,1474.356893,Trace McSorley,Tom Brady,26.66264127,214.0828063,-146.3879506,-2.958252223,0.265302526,0.734697474,36.5602888,133.4889337,27.65240603,206.0234191,1378.090564,1481.165058,16,19,1,18,10
12/26/2022,15,2022,0,,IND,LAC,1434.15166,1494.567293,0.506597051,0.493402949,1404.805432,1523.913521,1440.738614,1507.782149,Nick Foles,Justin Herbert,140.2227978,176.0227408,35.31872258,-15.45586279,0.556910966,0.443089034,-241.5744458,43.21492296,102.0430734,162.741959,1407.953123,1540.56764,3,20,40,12,26
12/29/2022,16,2022,0,,TEN,DAL,1472.136176,1644.740264,0.34991362,0.65008638,1454.068224,1662.808217,1469.174161,1658.58687,Joshua Dobbs,Dak Prescott,52.1433,198.6858975,-57.89055278,17.06538212,0.226752603,0.773247397,95.2969447,177.3205678,56.45866447,196.5493645,1457.977586,1669.783445,13,27,65,3,34
1/1/2023,16,2022,0,,NE,MIA,1513.498303,1494.721813,0.618280512,0.381719488,1521.577866,1486.64225,1510.725525,1472.561301,Mac Jones,Teddy Bridgewater,106.4030261,112.5716681,-12.77272181,-44.54569054,0.670696307,0.329303693,94.26623574,114.2990854,105.189347,112.7444099,1517.576267,1465.710558,23,21,29,89,59
1/1/2023,16,2022,0,,KC,DEN,1712.55967,1356.249888,0.918732891,0.081267109,1714.450727,1354.358831,1677.597137,1390.853163,Patrick Mahomes,Russell Wilson,294.922579,82.25632858,16.57790569,-15.07852818,0.893438819,0.106561181,356.6010297,181.8058929,301.090424,92.21128501,1680.126888,1388.323413,27,24,58,16,37
1/1/2023,16,2022,0,,ATL,ARI,1403.764978,1393.259464,0.606982228,0.393017772,1409.032574,1387.991868,1367.579979,1378.090564,Desmond Ridder,David Blough,75.64989302,22.71734826,-43.76666382,-143.5087284,0.696562139,0.303437861,99.720778,103.0455912,78.05698152,30.75017256,1371.527499,1374.143044,20,19,0,0,0
1/1/2023,16,2022,0,,WSH,CLE,1469.705696,1484.873208,0.571226956,0.428773044,1438.050443,1516.528461,1468.405247,1476.754789,Carson Wentz,Deshaun Watson,109.2874944,180.956487,-10.84669112,15.85552793,0.521463397,0.478536603,-54.83501223,95.52902511,92.87524376,172.4137408,1439.969374,1505.190662,10,24,35,63,49
1/1/2023,16,2022,0,,PHI,NO,1638.079472,1490.295325,0.772921903,0.227078097,1597.042675,1531.332122,1644.037012,1486.790421,Gardner Minshew,Andy Dalton,165.2255055,113.4600844,-59.96381956,-19.3827117,0.726536174,0.273463826,16.15737501,9.699693664,150.3186925,103.0840454,1606.28074,1524.546693,10,20,61,33,47
1/1/2023,16,2022,0,,NYG,IND,1437.897869,1404.805432,0.637531349,0.362468651,1461.266696,1381.436605,1443.32811,1407.953123,Daniel Jones,Nick Foles,168.8192075,102.0430734,20.49751188,14.46292427,0.63032984,0.36967016,488.5004678,-19.81149112,200.7873335,89.85761699,1467.217269,1384.063965,38,10,20,21,21
1/1/2023,16,2022,0,,HOU,JAX,1325.61804,1483.269992,0.369736474,0.630263526,1301.724081,1507.163951,1320.138838,1490.456596,Davis Mills,Trevor Lawrence,92.41643568,213.2575841,-9.13111284,39.32440153,0.276907023,0.723092977,104.1087485,86.71385273,93.58566696,200.603211,1302.804126,1507.791308,3,31,11,3,7
1/1/2023,16,2022,0,,TB,CAR,1521.169176,1458.390486,0.676022714,0.323977286,1533.085665,1446.473996,1481.165058,1461.941245,Tom Brady,Sam Darnold,206.0234191,114.2222445,-6.840033245,29.67833485,0.548025729,0.451974271,439.6255625,274.9385654,229.3836334,130.2938766,1498.491448,1444.614855,30,24,39,100,70
1/1/2023,16,2022,0,,DET,CHI,1468.503157,1353.701594,0.737888162,0.262111838,1485.298699,1336.906051,1466.999835,1336.444869,Jared Goff,Justin Fields,205.8689611,170.1178883,22.98681588,29.45449122,0.731107558,0.268892442,275.7222919,-53.57240209,212.8542942,147.7488593,1484.273708,1319.170995,41,10,15,25,20
1/1/2023,16,2022,0,,SEA,NYJ,1483.697666,1423.656991,0.672561208,0.327438792,1501.608093,1405.746564,1429.563862,1438.109028,Geno Smith,Mike White,179.5320181,89.88923367,7.707723522,2.546808048,0.578405199,0.421594801,116.547165,-98.72720424,173.2335327,71.02758988,1453.341441,1414.331449,23,6,19,96,58
1/1/2023,16,2022,0,,OAK,SF,1487.840655,1684.794192,0.318736239,0.681263761,1479.503465,1693.131382,1490.447616,1679.605053,Jarrett Stidham,Brock Purdy,53.05014,54.17716345,-84.5530253,-90.90764804,0.318151797,0.681848203,351.6232597,172.4400744,82.90745197,66.00345455,1482.127382,1687.925286,34,37,44,3,24
1/1/2023,16,2022,0,,GB,MIN,1526.670021,1576.157528,0.522309449,0.477690551,1557.207231,1545.620319,1530.710938,1583.385916,Aaron Rodgers,Kirk Cousins,157.7416452,182.7809388,-26.33353896,1.577607748,0.455747459,0.544252541,144.3665092,50.73918969,156.4041316,169.5767639,1566.246556,1547.850298,41,17,70,92,81
1/1/2023,16,2022,0,,LAC,LAR,1523.913521,1448.462679,0.691789779,0.308210221,1541.823916,1430.552285,1540.56764,1462.514381,Justin Herbert,Baker Mayfield,162.741959,70.83758429,-21.32346054,-60.58931224,0.722286958,0.277713042,287.7557462,24.24056746,175.2433377,66.17788261,1556.53124,1446.550781,31,10,28,1,15
1/1/2023,16,2022,0,,BAL,PIT,1575.648561,1513.222324,0.675578197,0.324421803,1555.765934,1533.104951,1599.929898,1503.729434,Tyler Huntley,Kenny Pickett,43.63932024,102.1746278,-114.9632048,-27.85839668,0.583557866,0.416442134,109.7275087,70.38697739,50.24813909,98.99586278,1583.307386,1520.351946,13,16,38,46,42
1/7/2023,16,2022,0,,OAK,KC,1479.503465,1714.450727,0.273230208,0.726769792,1464.567088,1729.387104,1482.127382,1680.126888,Jarrett Stidham,Patrick Mahomes,82.90745197,301.090424,-65.39671805,18.83293295,0.21131203,0.78868797,21.21188929,150.2543617,76.73789571,286.0068178,1470.855692,1691.398579,13,31,71,85,78
1/7/2023,17,2022,0,,JAX,TEN,1507.163951,1454.068224,0.663697105,0.336302895,1517.437634,1443.794542,1507.791308,1457.977586,Trevor Lawrence,Joshua Dobbs,200.603211,56.45866447,31.03099488,-52.8383429,0.743110777,0.256889223,110.0108305,52.99960206,191.5439729,56.11275823,1515.420372,1450.348522,20,16,32,100,66
1/8/2023,17,2022,0,,MIA,NYJ,1486.64225,1405.746564,0.698432166,0.301567834,1496.776899,1395.611915,1465.710558,1414.331449,Skylar Thompson,Joe Flacco,3.386744497,112.5184353,-151.5897005,34.47949119,0.384804755,0.615195245,90.22609775,50.90921497,12.07067982,106.3575133,1488.604403,1391.437604,11,6,4,97,51
1/8/2023,17,2022,0,,PIT,CLE,1533.104951,1516.528461,0.615287189,0.384712811,1553.196388,1496.437024,1520.351946,1505.190662,Kenny Pickett,Deshaun Watson,98.99586278,172.4137408,-28.05485937,10.79137844,0.536785604,0.463214396,111.5530294,56.6874243,100.2515794,160.8411091,1545.151442,1480.391166,28,14,51,80,66
1/8/2023,17,2022,0,,BUF,NE,1719.485317,1521.577866,0.819567045,0.180432955,1727.753293,1513.309889,1705.314705,1517.576267,Josh Allen,Mac Jones,250.1471322,105.189347,-3.528448611,-12.74092524,0.827451745,0.172548255,215.1404222,152.2694922,246.6464612,109.8973615,1713.191238,1509.699734,35,23,89,71,80
1/8/2023,17,2022,0,,CHI,MIN,1336.906051,1545.620319,0.304219274,0.695780726,1320.724729,1561.801641,1319.170995,1547.850298,Nathan Peterman,Kirk Cousins,-2.903320341,169.5767639,-133.8549275,-5.103360096,0.145762452,0.854237548,56.59447475,218.0124683,3.046459168,174.4203343,1311.923411,1555.097882,13,29,1,1,1
1/8/2023,17,2022,0,,NO,CAR,1531.332122,1446.473996,0.703214585,0.296785415,1510.409694,1467.396424,1524.546693,1444.614855,Andy Dalton,Sam Darnold,103.0840454,130.2938766,-23.60159565,36.23023415,0.601513102,0.398486898,95.53057539,-97.54420273,102.3286984,107.5100687,1507.30872,1461.852827,7,10,43,0,22
1/8/2023,17,2022,0,,IND,HOU,1381.436605,1301.724081,0.696995701,0.303004299,1371.093864,1312.066823,1384.063965,1302.804126,Sam Ehlinger,Davis Mills,5.122021784,93.58566696,-77.08854538,-8.089941558,0.591886998,0.408113002,123.9244511,167.7017354,17.00226472,100.9972738,1375.610508,1311.257582,31,32,0,0,0
1/8/2023,17,2022,0,,CIN,BAL,1669.123392,1555.765934,0.736277187,0.263722813,1681.24704,1543.642286,1639.068277,1583.307386,Joe Burrow,Anthony Brown,236.7761093,0,26.65756655,-156.1587742,0.859136072,0.140863928,142.0739195,-90.74079274,227.3058903,-9.074079274,1645.194307,1577.181356,27,16,68,1,35
1/8/2023,17,2022,0,,ATL,TB,1409.032574,1533.085665,0.415824801,0.584175199,1440.71648,1501.401759,1371.527499,1498.491448,Desmond Ridder,Tom Brady,78.05698152,229.3836334,-40.37478638,5.182075589,0.676271051,0.323728949,192.1879281,93.56960269,89.47007618,215.8022303,1371.527499,1498.491448,30,17,11,0,6
1/8/2023,17,2022,0,,SF,ARI,1693.131382,1387.991868,0.893850904,0.106149096,1699.052125,1382.071125,1687.925286,1374.143044,Brock Purdy,David Blough,66.00345455,30.75017256,-80.44912009,-132.3168798,0.91687754,0.08312246,131.9910301,19.18838778,72.6022121,29.59399408,1692.478574,1369.589756,38,13,7,1,4
1/8/2023,17,2022,0,,DEN,LAC,1354.358831,1541.823916,0.33071219,0.66928781,1374.009291,1522.173456,1388.323413,1556.53124,Russell Wilson,Justin Herbert,92.21128501,175.2433377,-9.347123554,-14.00659815,0.689559335,0.310440665,212.0848301,270.0972692,104.1986395,184.7287309,1388.323413,1556.53124,31,28,26,1,14
1/8/2023,17,2022,0,,SEA,LAR,1501.608093,1430.552285,0.686369418,0.313630582,1509.797328,1422.36305,1453.341441,1446.550781,Geno Smith,Baker Mayfield,173.2335327,66.17788261,4.173094692,-59.88969747,0.561967256,0.438032744,112.2942499,-90.52455301,167.1396045,50.50763905,1461.986819,1437.905403,19,16,13,53,33
1/8/2023,17,2022,0,,WSH,DAL,1438.050443,1662.808217,0.28503132,0.71496868,1484.994124,1615.864536,1439.969374,1669.783445,Sam Howell,Dak Prescott,48.06252,196.5493645,-63.32320566,15.14384653,0.248248298,0.751751702,156.4983885,-43.26113513,58.90610685,172.5683145,1495.910891,1613.841928,26,6,56,2,29
1/8/2023,17,2022,0,,PHI,NYG,1597.042675,1461.266696,0.76056133,0.23943867,1605.581893,1452.727478,1606.28074,1467.217269,Jalen Hurts,Davis Webb,258.6848065,73.90746,43.94707891,-91.42317422,0.964496075,0.035503925,1.605374456,289.021,232.9768633,95.418814,1606.28074,1467.217269,22,16,49,10,30
1/8/2023,17,2022,0,,GB,DET,1557.207231,1485.298699,0.687425122,0.312574878,1533.611479,1508.894451,1566.246556,1484.273708,Aaron Rodgers,Jared Goff,156.4041316,212.8542942,-25.68561881,25.33014162,0.614451631,0.385548369,37.18250903,176.8685212,144.4819694,209.2557169,1545.712433,1504.807832,16,20,61,99,80
,,,,,,,,,,,,,,,,,,,,,,,,,,,,,,,,,
,,,,,,,,,,,,,,,,,,,,,,,,,,,,,,,,,
,,,,,,,,,,,,,,,,,,,,,,,,,,,,,,,,,
,,,,,,,,,,,,,,,,,,,,,,,,,,,,,,,,,
,,,,,,,,,,,,,,,,,,,,,,,,,,,,,,,,,
,,,,,,,,,,,,,,,,,,,,,,,,,,,,,,,,,
,,,,,,,,,,,,,,,,,,,,,,,,,,,,,,,,,
,,,,,,,,,,,,,,,,,,,,,,,,,,,,,,,,,
,,,,,,,,,,,,,,,,,,,,,,,,,,,,,,,,,
,,,,,,,,,,,,,,,,,,,,,,,,,,,,,,,,,
,,,,,,,,,,,,,,,,,,,,,,,,,,,,,,,,,
,,,,,,,,,,,,,,,,,,,,,,,,,,,,,,,,,
,,,,,,,,,,,,,,,,,,,,,,,,,,,,,,,,,
